customer_id,order_date,product_id,category_id,category_name,product_name,quantity,price,payment_method,city,review_score,gender,age,price_per_item,Month,Day,Weekday,Year
13542,2024-12-17,784,10,Electronics,Smartphone,2,373.36,Credit Card,New Oliviaberg,1.0,F,56,186.68,12,17,1,2024
55098,2025-02-04,684,50,Sports & Outdoors,Tent,5,23.0,Credit Card,West Sarah,5.0,F,64,4.6,2,4,1,2025
65208,2024-10-28,204,40,Books & Stationery,Story Book,2,230.11,Bank Transfer,Hernandezburgh,5.0,M,34,115.055,10,28,0,2024
63872,2024-05-10,202,20,Fashion,Skirt,4,176.72,Credit Card,Jenkinshaven,1.0,F,33,44.18,5,10,4,2024
29989,2024-12-03,829,10,Electronics,Smartphone,4,196.16,Bank Transfer,East Tonyaberg,5.0,F,21,49.04,12,3,1,2024
41394,2024-12-17,549,30,Home & Living,Pillow,3,429.11,Credit Card,West Larrymouth,3.0,F,69,143.03666666666666,12,17,1,2024
48695,2024-04-12,545,30,Home & Living,Blanket,4,191.39,Credit Card,Lake Ian,5.0,F,34,47.8475,4,12,4,2024
27389,2025-01-31,549,10,Electronics,Smartwatch,2,321.14,Cash on Delivery,Elizabethmouth,5.0,M,26,160.57,1,31,4,2025
74067,2024-06-27,773,40,Books & Stationery,Notebook,3,494.87,Cash on Delivery,Melanieberg,5.0,M,37,164.95666666666668,6,27,3,2024
49331,2024-05-21,526,30,Home & Living,Pillow,5,122.23,Credit Card,Allisonland,5.0,M,32,24.446,5,21,1,2024
61360,2024-12-03,544,10,Electronics,Laptop,3,457.44,Cash on Delivery,Myershaven,5.0,M,60,152.48,12,3,1,2024
24426,2025-02-07,943,40,Books & Stationery,Pen,2,443.49,Cash on Delivery,South Tonya,4.0,M,67,221.745,2,7,4,2025
10486,2024-09-13,297,20,Fashion,Shirt,2,274.1,Cash on Delivery,Port Allisonfort,4.0,F,54,137.05,9,13,4,2024
75474,2024-05-22,107,40,Books & Stationery,Notebook,1,117.47,Credit Card,Levyport,4.0,M,73,117.47,5,22,2,2024
79898,2024-03-19,871,10,Electronics,Smartphone,5,84.89,Credit Card,Fullerland,5.0,M,68,16.978,3,19,1,2024
69719,2024-12-24,941,10,Electronics,Smartphone,2,344.04,Cash on Delivery,North Whitneytown,5.0,F,29,172.02,12,24,1,2024
65011,2025-02-20,938,30,Home & Living,Carpet,4,383.36,Cash on Delivery,East Christopher,5.0,F,42,95.84,2,20,3,2025
80441,2024-07-26,867,30,Home & Living,Carpet,2,308.4,Credit Card,Port Danielleview,3.0,M,52,154.2,7,26,4,2024
11145,2024-04-09,461,30,Home & Living,Blanket,1,38.38,Cash on Delivery,Douglasport,5.0,M,34,38.38,4,9,1,2024
81289,2024-07-18,485,40,Books & Stationery,Novel,1,489.21,Cash on Delivery,North Jamesside,5.0,M,60,489.21,7,18,3,2024
36732,2025-01-12,704,40,Books & Stationery,Eraser,3,90.91,Cash on Delivery,North Carrie,5.0,M,42,30.30333333333333,1,12,6,2025
33678,2024-04-01,732,20,Fashion,Shirt,1,380.08,Cash on Delivery,Port Kenneth,1.0,M,29,380.08,4,1,0,2024
86746,2024-03-24,768,30,Home & Living,Pillow,3,298.27,Credit Card,Mendezburgh,4.0,M,62,99.42333333333333,3,24,6,2024
23094,2025-01-17,658,10,Electronics,Laptop,2,43.03,Credit Card,Kristenland,5.0,M,56,21.515,1,17,4,2025
30037,2024-08-05,314,20,Fashion,Dress,5,337.8,Credit Card,Lake Sarah,4.0,F,28,67.56,8,5,0,2024
61642,2024-11-24,264,50,Sports & Outdoors,Tent,1,241.61,Bank Transfer,Fryeberg,5.0,M,19,241.61,11,24,6,2024
52189,2024-09-01,653,10,Electronics,Tablet,1,183.61,Bank Transfer,Lake Michael,4.0,F,49,183.61,9,1,6,2024
71248,2024-07-01,289,10,Electronics,Smartphone,5,207.28,Bank Transfer,North Mary,5.0,M,42,41.456,7,1,0,2024
14872,2024-03-31,353,20,Fashion,Pants,2,272.78,Credit Card,Cynthiaport,4.0,M,32,136.39,3,31,6,2024
93989,2024-04-25,573,50,Sports & Outdoors,Running Shoes,5,85.85,Bank Transfer,Williamston,1.0,M,70,17.169999999999998,4,25,3,2024
76140,2024-06-29,673,50,Sports & Outdoors,Basketball,2,293.67,Credit Card,New Terri,5.0,M,65,146.835,6,29,5,2024
63313,2024-08-09,182,50,Sports & Outdoors,Tent,5,266.16,Bank Transfer,Jeffreyview,1.0,F,59,53.232000000000006,8,9,4,2024
10299,2024-11-27,971,20,Fashion,Dress,4,203.94,Cash on Delivery,Teresaville,5.0,F,33,50.985,11,27,2,2024
32232,2024-09-23,476,10,Electronics,Smartphone,1,234.56,Cash on Delivery,Mcdonaldmouth,5.0,M,55,234.56,9,23,0,2024
48690,2024-04-11,161,20,Fashion,Shirt,3,139.95,Bank Transfer,West Geraldhaven,5.0,F,18,46.65,4,11,3,2024
94108,2025-01-20,837,30,Home & Living,Painting,2,87.3,Cash on Delivery,Bowmanmouth,5.0,F,72,43.65,1,20,0,2025
54503,2024-04-03,416,50,Sports & Outdoors,Soccer Ball,2,337.25,Cash on Delivery,Walkerland,2.0,F,42,168.625,4,3,2,2024
69170,2024-05-30,660,20,Fashion,Dress,4,66.56,Credit Card,Port Patriciashire,5.0,M,62,16.64,5,30,3,2024
68220,2024-09-15,961,30,Home & Living,Carpet,2,113.21,Bank Transfer,Jacobburgh,1.0,F,50,56.605,9,15,6,2024
57158,2024-07-25,294,30,Home & Living,Pillow,4,11.74,Credit Card,Woodshaven,5.0,M,59,2.935,7,25,3,2024
34358,2025-01-16,945,20,Fashion,Shirt,1,27.65,Bank Transfer,Gonzalezshire,4.0,M,50,27.65,1,16,3,2025
83983,2024-08-01,395,20,Fashion,T-shirt,5,161.05,Credit Card,Blakeshire,5.0,M,55,32.21,8,1,3,2024
56955,2024-07-14,922,20,Fashion,T-shirt,1,183.3,Cash on Delivery,Whitakerview,5.0,M,24,183.3,7,14,6,2024
68416,2024-12-15,311,20,Fashion,Skirt,5,22.15,Cash on Delivery,New Jeremy,5.0,F,44,4.43,12,15,6,2024
49701,2024-04-21,684,40,Books & Stationery,Story Book,1,107.79,Bank Transfer,Lake Jasmineport,3.0,F,63,107.79,4,21,6,2024
32080,2024-05-13,354,20,Fashion,Pants,4,21.6,Credit Card,Garrisonberg,3.0,M,18,5.4,5,13,0,2024
27303,2024-05-25,119,50,Sports & Outdoors,Yoga Mat,1,470.23,Credit Card,Mccallhaven,5.0,M,26,470.23,5,25,5,2024
89064,2024-11-10,533,50,Sports & Outdoors,Yoga Mat,3,28.75,Cash on Delivery,Lake Teresafurt,4.0,F,74,9.583333333333334,11,10,6,2024
94700,2024-06-15,675,50,Sports & Outdoors,Yoga Mat,3,335.06,Credit Card,Hobbston,5.0,M,23,111.68666666666667,6,15,5,2024
73009,2024-03-27,569,30,Home & Living,Vase,4,169.83,Cash on Delivery,Jacobfurt,2.0,M,29,42.4575,3,27,2,2024
55865,2024-03-26,915,40,Books & Stationery,Pen,1,341.89,Credit Card,New Felicia,5.0,M,64,341.89,3,26,1,2024
75453,2024-06-22,260,50,Sports & Outdoors,Soccer Ball,3,158.9,Credit Card,Spencerside,4.0,F,33,52.96666666666667,6,22,5,2024
47548,2025-01-31,381,30,Home & Living,Vase,2,226.48,Cash on Delivery,West Jacob,1.0,F,36,113.24,1,31,4,2025
85352,2024-07-04,755,20,Fashion,T-shirt,5,149.06,Cash on Delivery,East Ana,5.0,M,38,29.812,7,4,3,2024
53811,2024-09-21,551,40,Books & Stationery,Eraser,5,426.37,Credit Card,Port Cristianfort,4.0,F,52,85.274,9,21,5,2024
59944,2025-02-06,293,50,Sports & Outdoors,Basketball,2,361.99,Bank Transfer,Lake Charlestown,4.0,M,51,180.995,2,6,3,2025
95322,2025-03-14,621,50,Sports & Outdoors,Running Shoes,2,34.61,Credit Card,Marcusville,5.0,M,43,17.305,3,14,4,2025
79537,2024-10-18,858,40,Books & Stationery,Story Book,5,374.39,Bank Transfer,Anthonyborough,4.0,F,30,74.878,10,18,4,2024
22604,2025-02-08,351,30,Home & Living,Carpet,1,247.45,Credit Card,East Russellville,2.0,M,47,247.45,2,8,5,2025
36231,2024-05-18,606,30,Home & Living,Blanket,5,143.14,Bank Transfer,Port Richardfurt,5.0,M,72,28.627999999999997,5,18,5,2024
64684,2024-11-16,166,20,Fashion,Pants,1,197.69,Credit Card,New Brooke,5.0,M,53,197.69,11,16,5,2024
82168,2025-01-23,653,40,Books & Stationery,Eraser,2,473.57,Credit Card,West Matthewton,5.0,F,44,236.785,1,23,3,2025
63919,2024-04-23,209,40,Books & Stationery,Pen,3,12.89,Bank Transfer,Jeffreyville,2.0,M,54,4.296666666666667,4,23,1,2024
54901,2024-06-04,491,40,Books & Stationery,Eraser,3,376.28,Cash on Delivery,Stacieberg,5.0,F,23,125.42666666666666,6,4,1,2024
45435,2024-07-06,349,40,Books & Stationery,Story Book,3,421.85,Credit Card,Port Hectorbury,5.0,F,25,140.61666666666667,7,6,5,2024
10539,2025-03-17,142,40,Books & Stationery,Story Book,1,34.64,Bank Transfer,Anthonyport,3.0,F,44,34.64,3,17,0,2025
94316,2024-06-14,979,30,Home & Living,Vase,1,146.35,Bank Transfer,Garzachester,2.0,M,18,146.35,6,14,4,2024
64578,2024-07-01,650,10,Electronics,Smartwatch,1,35.52,Bank Transfer,Lake Kristy,1.0,M,54,35.52,7,1,0,2024
77823,2024-09-27,994,10,Electronics,Smartphone,5,475.31,Credit Card,South Roger,5.0,F,34,95.062,9,27,4,2024
67215,2024-12-02,912,20,Fashion,Pants,1,242.04,Credit Card,Codyburgh,4.0,M,71,242.04,12,2,0,2024
50937,2024-11-05,101,30,Home & Living,Painting,1,92.22,Cash on Delivery,Stevensonside,5.0,F,46,92.22,11,5,1,2024
66782,2024-07-04,865,20,Fashion,Dress,2,62.97,Credit Card,Hardingfort,5.0,F,48,31.485,7,4,3,2024
58706,2025-02-07,613,20,Fashion,T-shirt,4,351.62,Bank Transfer,Lake Cody,5.0,F,65,87.905,2,7,4,2025
61717,2024-08-31,705,10,Electronics,Smartwatch,2,393.49,Bank Transfer,East Alyssa,4.0,F,57,196.745,8,31,5,2024
48366,2024-10-12,292,10,Electronics,Smartwatch,3,327.3,Credit Card,Moraleshaven,5.0,F,48,109.10000000000001,10,12,5,2024
26652,2024-09-24,952,10,Electronics,Tablet,2,480.79,Cash on Delivery,Danielstad,5.0,F,48,240.395,9,24,1,2024
49861,2024-11-24,832,20,Fashion,Skirt,2,96.31,Cash on Delivery,Brianburgh,5.0,M,46,48.155,11,24,6,2024
70446,2024-05-02,918,50,Sports & Outdoors,Running Shoes,5,237.79,Cash on Delivery,Amyhaven,4.0,M,56,47.558,5,2,3,2024
66861,2025-02-23,360,20,Fashion,T-shirt,3,146.67,Bank Transfer,Reynoldsborough,1.0,F,20,48.88999999999999,2,23,6,2025
33496,2024-09-24,863,50,Sports & Outdoors,Running Shoes,5,174.83,Bank Transfer,Port Ginaside,5.0,M,71,34.966,9,24,1,2024
65546,2024-04-01,575,20,Fashion,Dress,4,400.94,Bank Transfer,Davidton,2.0,F,65,100.235,4,1,0,2024
52835,2024-04-11,159,40,Books & Stationery,Eraser,2,381.5,Cash on Delivery,North Davidchester,4.0,F,31,190.75,4,11,3,2024
54614,2024-12-10,704,40,Books & Stationery,Novel,1,55.6,Credit Card,Stephanieshire,4.0,M,61,55.6,12,10,1,2024
39945,2024-06-06,273,50,Sports & Outdoors,Yoga Mat,5,182.39,Bank Transfer,North Christinaview,2.0,M,75,36.477999999999994,6,6,3,2024
44020,2024-12-23,798,10,Electronics,Laptop,5,164.62,Cash on Delivery,New Michaeltown,4.0,F,62,32.924,12,23,0,2024
89883,2024-05-25,182,20,Fashion,Pants,5,116.03,Bank Transfer,East Justin,2.0,F,66,23.206,5,25,5,2024
51106,2025-03-03,222,50,Sports & Outdoors,Tent,2,148.67,Credit Card,New Carol,5.0,M,38,74.335,3,3,0,2025
39236,2024-06-05,793,30,Home & Living,Blanket,1,158.11,Cash on Delivery,Osborneland,4.0,M,47,158.11,6,5,2,2024
39267,2024-10-02,399,10,Electronics,Smartwatch,3,153.15,Credit Card,North Danielburgh,5.0,F,74,51.050000000000004,10,2,2,2024
20814,2024-12-18,914,10,Electronics,Smartphone,4,291.29,Bank Transfer,South Melodystad,4.0,M,65,72.8225,12,18,2,2024
12817,2024-06-06,466,50,Sports & Outdoors,Tent,4,397.46,Credit Card,North Angela,5.0,M,40,99.365,6,6,3,2024
86435,2024-07-30,988,40,Books & Stationery,Notebook,4,431.48,Bank Transfer,Christopherport,3.0,F,48,107.87,7,30,1,2024
16539,2024-04-10,334,50,Sports & Outdoors,Soccer Ball,3,474.32,Credit Card,Kathleenton,5.0,M,21,158.10666666666665,4,10,2,2024
73165,2024-12-29,237,40,Books & Stationery,Eraser,2,240.26,Credit Card,Mariaborough,1.0,F,48,120.13,12,29,6,2024
28298,2024-06-07,555,40,Books & Stationery,Novel,3,346.82,Bank Transfer,Port Denisemouth,5.0,F,18,115.60666666666667,6,7,4,2024
42115,2024-11-09,135,20,Fashion,T-shirt,4,39.22,Bank Transfer,North Johnland,4.0,F,55,9.805,11,9,5,2024
10254,2024-09-10,318,30,Home & Living,Vase,1,70.93,Cash on Delivery,Port Christine,3.0,M,73,70.93,9,10,1,2024
83687,2024-08-26,115,50,Sports & Outdoors,Tent,5,475.89,Cash on Delivery,Melanieborough,5.0,F,52,95.178,8,26,0,2024
88015,2024-05-20,285,20,Fashion,Skirt,4,264.29,Bank Transfer,Kathleenview,5.0,M,62,66.0725,5,20,0,2024
84063,2025-01-20,744,50,Sports & Outdoors,Running Shoes,5,321.04,Bank Transfer,Scottfort,5.0,F,43,64.208,1,20,0,2025
50447,2024-10-21,910,40,Books & Stationery,Notebook,3,167.32,Credit Card,Kathyton,5.0,M,22,55.77333333333333,10,21,0,2024
29786,2024-09-10,749,40,Books & Stationery,Notebook,3,334.67,Bank Transfer,South Brianstad,5.0,F,23,111.55666666666667,9,10,1,2024
68238,2025-03-17,261,50,Sports & Outdoors,Soccer Ball,3,332.25,Cash on Delivery,New Brandon,4.0,M,68,110.75,3,17,0,2025
66682,2025-02-04,632,50,Sports & Outdoors,Yoga Mat,1,315.09,Bank Transfer,Cartermouth,5.0,F,42,315.09,2,4,1,2025
47971,2024-04-06,363,20,Fashion,Dress,5,279.12,Bank Transfer,East Dawn,4.0,F,47,55.824,4,6,5,2024
54869,2024-03-29,369,10,Electronics,Smartphone,4,486.84,Cash on Delivery,Martinburgh,5.0,F,42,121.71,3,29,4,2024
99909,2024-08-11,233,10,Electronics,Tablet,1,474.06,Cash on Delivery,Sheltonmouth,5.0,F,37,474.06,8,11,6,2024
77884,2024-12-05,620,20,Fashion,T-shirt,3,145.36,Bank Transfer,Shortmouth,3.0,F,41,48.45333333333334,12,5,3,2024
76854,2024-09-14,845,30,Home & Living,Pillow,2,148.59,Bank Transfer,Andrewmouth,5.0,F,64,74.295,9,14,5,2024
35603,2024-08-15,177,40,Books & Stationery,Story Book,4,228.81,Bank Transfer,Lake Brent,3.0,F,68,57.2025,8,15,3,2024
57585,2025-01-07,394,40,Books & Stationery,Pen,4,494.32,Cash on Delivery,Lauraburgh,5.0,F,50,123.58,1,7,1,2025
75434,2024-12-03,775,10,Electronics,Laptop,3,256.12,Cash on Delivery,Craigmouth,3.0,M,21,85.37333333333333,12,3,1,2024
80835,2024-12-26,114,20,Fashion,T-shirt,3,240.05,Bank Transfer,Lake Carla,3.0,F,40,80.01666666666667,12,26,3,2024
46326,2024-12-15,625,10,Electronics,Headphones,4,427.65,Cash on Delivery,Andersonchester,3.0,M,31,106.9125,12,15,6,2024
11108,2024-06-26,575,40,Books & Stationery,Eraser,2,27.59,Credit Card,South Jeffrey,1.0,F,58,13.795,6,26,2,2024
82916,2024-08-24,180,30,Home & Living,Blanket,1,375.92,Bank Transfer,New Alicia,5.0,F,73,375.92,8,24,5,2024
37787,2024-08-02,971,10,Electronics,Tablet,3,91.52,Bank Transfer,West Mariaton,5.0,M,35,30.506666666666664,8,2,4,2024
74956,2024-12-14,204,50,Sports & Outdoors,Basketball,5,93.29,Credit Card,Kristenberg,5.0,M,58,18.658,12,14,5,2024
62833,2024-04-05,955,20,Fashion,Skirt,1,457.29,Credit Card,East Matthew,1.0,F,71,457.29,4,5,4,2024
93806,2024-05-17,606,40,Books & Stationery,Notebook,4,336.75,Bank Transfer,Donaldhaven,5.0,F,37,84.1875,5,17,4,2024
12572,2025-01-22,656,20,Fashion,T-shirt,4,226.45,Bank Transfer,North Zacharytown,5.0,M,46,56.6125,1,22,2,2025
77178,2024-09-17,167,40,Books & Stationery,Novel,5,126.23,Cash on Delivery,Lake Ryanland,3.0,M,61,25.246000000000002,9,17,1,2024
70476,2024-10-13,883,30,Home & Living,Pillow,1,489.19,Cash on Delivery,West Amandamouth,3.0,M,32,489.19,10,13,6,2024
66492,2025-02-21,112,10,Electronics,Smartwatch,4,375.13,Bank Transfer,Port Thomas,5.0,M,30,93.7825,2,21,4,2025
62824,2024-12-25,629,30,Home & Living,Blanket,5,321.94,Cash on Delivery,Port Jo,2.0,F,63,64.388,12,25,2,2024
59644,2024-10-28,139,40,Books & Stationery,Story Book,5,108.39,Cash on Delivery,Cynthiaburgh,5.0,M,61,21.678,10,28,0,2024
69355,2024-12-04,683,30,Home & Living,Painting,1,404.07,Bank Transfer,South Susanstad,5.0,M,18,404.07,12,4,2,2024
30464,2024-07-01,563,20,Fashion,Skirt,2,483.96,Cash on Delivery,Derekside,3.0,F,25,241.98,7,1,0,2024
77850,2024-06-19,633,10,Electronics,Headphones,4,272.92,Bank Transfer,Lake Sharonstad,3.0,F,30,68.23,6,19,2,2024
96195,2024-09-25,975,30,Home & Living,Carpet,4,196.7,Cash on Delivery,Port Matthew,5.0,M,27,49.175,9,25,2,2024
17277,2024-10-21,157,20,Fashion,Skirt,4,22.26,Cash on Delivery,Lake Michaelhaven,3.0,F,70,5.565,10,21,0,2024
48665,2024-05-14,620,10,Electronics,Tablet,2,455.6,Bank Transfer,South Huntermouth,5.0,M,65,227.8,5,14,1,2024
98322,2024-04-08,157,50,Sports & Outdoors,Basketball,1,200.44,Bank Transfer,North Alexis,5.0,F,60,200.44,4,8,0,2024
71005,2024-09-26,203,10,Electronics,Headphones,3,129.35,Credit Card,Grahamhaven,5.0,M,28,43.11666666666667,9,26,3,2024
77455,2024-06-29,845,50,Sports & Outdoors,Basketball,3,297.33,Credit Card,Joshuamouth,3.0,M,64,99.11,6,29,5,2024
16285,2024-10-30,579,50,Sports & Outdoors,Soccer Ball,4,145.86,Credit Card,Savannahmouth,5.0,F,59,36.465,10,30,2,2024
56705,2024-08-12,299,20,Fashion,Shirt,2,168.65,Credit Card,Michellefort,2.0,M,38,84.325,8,12,0,2024
25974,2025-02-12,123,40,Books & Stationery,Eraser,1,65.69,Credit Card,East Marymouth,4.0,F,71,65.69,2,12,2,2025
99133,2025-01-05,928,50,Sports & Outdoors,Tent,1,63.44,Cash on Delivery,Brianfort,1.0,F,26,63.44,1,5,6,2025
53269,2024-08-09,314,40,Books & Stationery,Pen,5,346.19,Bank Transfer,New Amyfurt,5.0,M,54,69.238,8,9,4,2024
16821,2024-05-18,175,50,Sports & Outdoors,Tent,4,358.95,Bank Transfer,Port Jeremyfurt,5.0,F,68,89.7375,5,18,5,2024
25702,2025-03-12,423,40,Books & Stationery,Eraser,4,306.66,Credit Card,New Brian,5.0,M,40,76.665,3,12,2,2025
24054,2024-11-05,953,50,Sports & Outdoors,Basketball,3,220.73,Credit Card,Lake Michaelfort,4.0,F,26,73.57666666666667,11,5,1,2024
85558,2024-04-27,619,40,Books & Stationery,Pen,3,367.51,Bank Transfer,South Lauramouth,4.0,F,60,122.50333333333333,4,27,5,2024
32058,2024-05-27,843,10,Electronics,Tablet,3,57.32,Cash on Delivery,East Christopherfurt,3.0,M,28,19.106666666666666,5,27,0,2024
28608,2024-04-08,436,10,Electronics,Smartwatch,1,478.75,Cash on Delivery,Annaborough,3.0,M,51,478.75,4,8,0,2024
25747,2025-03-18,874,30,Home & Living,Painting,4,60.76,Cash on Delivery,Amandaborough,1.0,F,64,15.19,3,18,1,2025
75314,2024-05-31,417,20,Fashion,T-shirt,1,181.56,Cash on Delivery,Shawnview,3.0,F,24,181.56,5,31,4,2024
33743,2024-12-24,405,50,Sports & Outdoors,Basketball,3,405.54,Cash on Delivery,New Jonathan,5.0,F,64,135.18,12,24,1,2024
21731,2024-08-19,206,50,Sports & Outdoors,Tent,5,22.86,Cash on Delivery,Lake Annburgh,5.0,M,34,4.572,8,19,0,2024
66977,2025-03-18,568,20,Fashion,Dress,1,354.32,Bank Transfer,Henryborough,5.0,M,67,354.32,3,18,1,2025
80882,2025-02-27,511,10,Electronics,Smartphone,3,375.59,Credit Card,Mitchellfort,3.0,F,32,125.19666666666666,2,27,3,2025
27123,2024-12-27,144,20,Fashion,Dress,3,162.7,Bank Transfer,Saunderston,5.0,F,18,54.23333333333333,12,27,4,2024
85940,2024-07-15,722,40,Books & Stationery,Pen,1,247.97,Bank Transfer,East Kimberlyshire,4.0,M,37,247.97,7,15,0,2024
53860,2024-05-14,490,50,Sports & Outdoors,Soccer Ball,2,179.13,Credit Card,West Thomas,2.0,F,62,89.565,5,14,1,2024
72236,2024-07-05,959,10,Electronics,Smartphone,5,110.17,Credit Card,Lake Jessefort,5.0,F,47,22.034,7,5,4,2024
79004,2024-05-14,190,30,Home & Living,Painting,4,68.79,Bank Transfer,Sarahtown,5.0,M,50,17.1975,5,14,1,2024
39329,2024-08-28,218,40,Books & Stationery,Eraser,2,354.8,Cash on Delivery,Jessicastad,4.0,F,59,177.4,8,28,2,2024
44035,2024-08-10,974,10,Electronics,Headphones,4,292.12,Cash on Delivery,Cassandraville,4.0,F,39,73.03,8,10,5,2024
68850,2025-02-07,484,40,Books & Stationery,Notebook,1,53.18,Credit Card,North Elizabethbury,1.0,F,58,53.18,2,7,4,2025
64425,2024-12-19,780,50,Sports & Outdoors,Soccer Ball,5,203.93,Bank Transfer,New Ronniebury,5.0,M,22,40.786,12,19,3,2024
52324,2024-09-20,932,20,Fashion,T-shirt,2,260.14,Credit Card,New Patriciaville,4.0,M,64,130.07,9,20,4,2024
11008,2024-07-23,981,30,Home & Living,Painting,2,366.42,Cash on Delivery,Lake Emilymouth,5.0,M,58,183.21,7,23,1,2024
18819,2024-06-16,775,10,Electronics,Laptop,4,476.13,Cash on Delivery,Wesleyborough,4.0,F,70,119.0325,6,16,6,2024
48878,2024-09-07,814,30,Home & Living,Painting,2,83.97,Credit Card,Kellymouth,4.0,F,75,41.985,9,7,5,2024
73269,2025-01-03,748,10,Electronics,Smartwatch,2,301.1,Bank Transfer,Conniebury,4.0,F,24,150.55,1,3,4,2025
38565,2024-10-28,884,10,Electronics,Tablet,5,455.43,Cash on Delivery,Nicoletown,5.0,M,50,91.086,10,28,0,2024
33851,2024-11-13,713,40,Books & Stationery,Eraser,5,83.92,Credit Card,Mcdanielchester,4.0,F,48,16.784,11,13,2,2024
51458,2025-01-27,400,40,Books & Stationery,Pen,1,389.49,Cash on Delivery,Mcintyreburgh,4.0,F,19,389.49,1,27,0,2025
21004,2024-04-17,843,30,Home & Living,Pillow,5,171.55,Cash on Delivery,Lake Catherine,5.0,M,30,34.31,4,17,2,2024
51301,2025-01-07,398,30,Home & Living,Vase,5,73.19,Cash on Delivery,Henrystad,5.0,M,43,14.638,1,7,1,2025
12469,2024-06-24,816,50,Sports & Outdoors,Soccer Ball,3,326.55,Bank Transfer,Riveraview,4.0,M,35,108.85000000000001,6,24,0,2024
77150,2024-10-10,371,30,Home & Living,Blanket,4,476.07,Bank Transfer,Anthonyside,5.0,F,69,119.0175,10,10,3,2024
11829,2024-05-10,651,20,Fashion,Pants,5,85.92,Bank Transfer,Brendaton,5.0,M,41,17.184,5,10,4,2024
44470,2024-03-20,188,50,Sports & Outdoors,Tent,5,28.5,Bank Transfer,Lake Triciaburgh,5.0,F,61,5.7,3,20,2,2024
94532,2024-11-06,335,50,Sports & Outdoors,Running Shoes,4,85.58,Credit Card,Port Lisa,5.0,F,41,21.395,11,6,2,2024
55184,2024-06-09,151,20,Fashion,Skirt,5,31.41,Bank Transfer,Port Edward,5.0,M,23,6.282,6,9,6,2024
51963,2024-08-04,471,40,Books & Stationery,Eraser,3,149.61,Cash on Delivery,Lake Rachaelside,5.0,M,61,49.870000000000005,8,4,6,2024
56464,2024-09-23,361,20,Fashion,Dress,1,483.14,Bank Transfer,Jonathanport,5.0,M,44,483.14,9,23,0,2024
58911,2024-07-03,489,50,Sports & Outdoors,Running Shoes,1,236.22,Bank Transfer,Ashleyfort,5.0,F,72,236.22,7,3,2,2024
67837,2025-02-02,671,40,Books & Stationery,Notebook,1,281.72,Credit Card,West Amyhaven,5.0,F,39,281.72,2,2,6,2025
22228,2025-02-08,789,20,Fashion,Skirt,1,54.94,Credit Card,Barryton,5.0,F,62,54.94,2,8,5,2025
89639,2024-07-17,124,10,Electronics,Tablet,4,36.1,Cash on Delivery,Pierceport,3.0,M,25,9.025,7,17,2,2024
10848,2024-05-26,281,10,Electronics,Headphones,5,120.02,Bank Transfer,Vickimouth,5.0,F,67,24.003999999999998,5,26,6,2024
39860,2025-03-11,967,30,Home & Living,Blanket,1,77.42,Bank Transfer,Port Josephview,5.0,F,53,77.42,3,11,1,2025
38512,2025-03-09,976,20,Fashion,Skirt,5,229.81,Credit Card,Huntershire,5.0,M,34,45.962,3,9,6,2025
73069,2024-08-01,171,20,Fashion,Pants,2,278.91,Cash on Delivery,Valerieview,5.0,M,38,139.455,8,1,3,2024
25229,2024-10-09,644,30,Home & Living,Blanket,2,157.56,Credit Card,Anthonybury,1.0,F,27,78.78,10,9,2,2024
32206,2024-10-13,400,50,Sports & Outdoors,Running Shoes,4,40.78,Bank Transfer,North Juliaborough,4.0,M,28,10.195,10,13,6,2024
47231,2024-11-12,802,50,Sports & Outdoors,Tent,2,128.55,Credit Card,Port Elizabeth,2.0,M,23,64.275,11,12,1,2024
97281,2024-12-07,450,30,Home & Living,Blanket,4,289.63,Credit Card,Ramirezton,5.0,M,32,72.4075,12,7,5,2024
12858,2024-06-16,957,30,Home & Living,Painting,3,376.19,Bank Transfer,Port Briana,5.0,M,28,125.39666666666666,6,16,6,2024
54630,2025-02-05,967,30,Home & Living,Blanket,4,416.89,Cash on Delivery,Port Steve,4.0,F,64,104.2225,2,5,2,2025
91976,2025-01-19,321,10,Electronics,Headphones,2,143.88,Bank Transfer,Fernandezside,4.0,M,74,71.94,1,19,6,2025
69112,2024-06-12,234,40,Books & Stationery,Pen,2,176.13,Credit Card,North Heatherborough,4.0,F,29,88.065,6,12,2,2024
41492,2024-07-02,631,50,Sports & Outdoors,Yoga Mat,2,402.56,Cash on Delivery,Kathrynton,4.0,M,74,201.28,7,2,1,2024
67667,2024-11-14,854,40,Books & Stationery,Novel,3,366.14,Bank Transfer,Ericville,5.0,M,37,122.04666666666667,11,14,3,2024
42238,2024-07-24,756,10,Electronics,Smartphone,4,338.88,Bank Transfer,Lake Sara,3.0,F,55,84.72,7,24,2,2024
25852,2025-02-04,544,20,Fashion,T-shirt,3,79.96,Cash on Delivery,Jamesside,5.0,M,21,26.653333333333332,2,4,1,2025
79864,2024-04-07,825,20,Fashion,T-shirt,5,125.64,Cash on Delivery,Jennifermouth,3.0,M,36,25.128,4,7,6,2024
17044,2024-03-28,502,50,Sports & Outdoors,Soccer Ball,1,306.5,Cash on Delivery,New Mindymouth,4.0,M,47,306.5,3,28,3,2024
96947,2025-01-27,148,40,Books & Stationery,Novel,5,291.22,Cash on Delivery,Jonesport,3.0,M,35,58.24400000000001,1,27,0,2025
63024,2024-12-24,990,30,Home & Living,Blanket,3,480.65,Credit Card,Kimberlymouth,5.0,F,73,160.21666666666667,12,24,1,2024
38096,2024-05-30,826,40,Books & Stationery,Eraser,1,67.7,Bank Transfer,Georgeville,5.0,M,58,67.7,5,30,3,2024
50848,2024-08-27,721,50,Sports & Outdoors,Yoga Mat,4,350.05,Bank Transfer,Michaelside,1.0,M,65,87.5125,8,27,1,2024
37762,2025-03-07,442,10,Electronics,Tablet,1,94.6,Cash on Delivery,New Steven,4.0,M,32,94.6,3,7,4,2025
70317,2024-08-20,151,30,Home & Living,Painting,1,357.67,Cash on Delivery,Elliottfort,4.0,F,27,357.67,8,20,1,2024
86646,2024-09-20,279,20,Fashion,Pants,2,397.28,Credit Card,New Kelly,3.0,F,55,198.64,9,20,4,2024
29895,2024-04-17,150,40,Books & Stationery,Eraser,3,211.29,Bank Transfer,Ramirezmouth,5.0,M,47,70.42999999999999,4,17,2,2024
48604,2024-03-30,899,30,Home & Living,Pillow,5,230.49,Cash on Delivery,Port Sandra,4.0,M,36,46.098,3,30,5,2024
46059,2025-01-27,266,20,Fashion,Dress,4,474.27,Cash on Delivery,Lake Tracy,5.0,F,40,118.5675,1,27,0,2025
82793,2025-01-01,261,30,Home & Living,Blanket,4,321.18,Cash on Delivery,Ravenland,2.0,F,49,80.295,1,1,2,2025
91742,2024-08-11,632,20,Fashion,Pants,1,332.78,Cash on Delivery,Brandichester,5.0,M,28,332.78,8,11,6,2024
53649,2024-12-22,742,50,Sports & Outdoors,Yoga Mat,1,329.05,Cash on Delivery,Rebeccahaven,4.0,F,56,329.05,12,22,6,2024
45831,2025-02-07,685,40,Books & Stationery,Eraser,1,151.94,Bank Transfer,Sanchezside,4.0,F,74,151.94,2,7,4,2025
32331,2025-01-23,241,30,Home & Living,Painting,2,487.93,Credit Card,Mitchellhaven,5.0,F,61,243.965,1,23,3,2025
72286,2025-02-07,702,10,Electronics,Headphones,5,128.45,Credit Card,Robinhaven,2.0,M,58,25.689999999999998,2,7,4,2025
78768,2024-08-03,880,10,Electronics,Smartphone,1,152.2,Bank Transfer,Cantumouth,5.0,M,49,152.2,8,3,5,2024
26392,2025-01-28,282,20,Fashion,Dress,1,467.54,Cash on Delivery,Port Wandashire,3.0,F,73,467.54,1,28,1,2025
16669,2024-05-25,360,40,Books & Stationery,Eraser,3,238.74,Bank Transfer,Nancytown,4.0,M,34,79.58,5,25,5,2024
29275,2024-11-23,180,40,Books & Stationery,Eraser,4,234.04,Credit Card,Port Tracystad,1.0,M,68,58.51,11,23,5,2024
69068,2024-09-07,220,10,Electronics,Headphones,5,252.5,Cash on Delivery,West Tamiville,5.0,M,71,50.5,9,7,5,2024
37813,2024-08-02,792,10,Electronics,Smartphone,5,221.15,Bank Transfer,Phillipsborough,5.0,F,24,44.230000000000004,8,2,4,2024
48519,2024-09-22,954,30,Home & Living,Pillow,4,206.28,Cash on Delivery,Lewisburgh,4.0,M,67,51.57,9,22,6,2024
29305,2024-07-24,596,30,Home & Living,Pillow,3,199.31,Bank Transfer,Port Taraburgh,5.0,M,23,66.43666666666667,7,24,2,2024
81394,2024-12-17,110,50,Sports & Outdoors,Tent,3,68.22,Credit Card,Cameronstad,3.0,F,52,22.74,12,17,1,2024
98794,2024-07-09,993,50,Sports & Outdoors,Soccer Ball,2,32.2,Credit Card,East Alexandriashire,5.0,F,57,16.1,7,9,1,2024
52213,2025-02-21,648,30,Home & Living,Blanket,1,202.55,Cash on Delivery,Lake Joseph,5.0,M,57,202.55,2,21,4,2025
49232,2024-07-03,172,30,Home & Living,Carpet,1,415.86,Cash on Delivery,Joshuaton,4.0,F,53,415.86,7,3,2,2024
20522,2024-11-07,380,30,Home & Living,Pillow,2,302.49,Bank Transfer,Toddmouth,5.0,F,31,151.245,11,7,3,2024
56073,2024-05-02,440,50,Sports & Outdoors,Tent,4,121.5,Credit Card,Lake Jennifer,4.0,M,57,30.375,5,2,3,2024
41063,2024-07-21,890,50,Sports & Outdoors,Running Shoes,5,82.41,Cash on Delivery,South Jerry,1.0,F,27,16.482,7,21,6,2024
62699,2024-04-11,722,10,Electronics,Laptop,4,19.28,Bank Transfer,Michaelchester,4.0,M,36,4.82,4,11,3,2024
25889,2024-09-24,507,20,Fashion,Skirt,4,255.89,Cash on Delivery,West Kristinehaven,5.0,F,51,63.9725,9,24,1,2024
71237,2024-09-05,588,10,Electronics,Laptop,4,264.15,Cash on Delivery,Brentbury,3.0,F,57,66.0375,9,5,3,2024
34740,2024-07-04,111,50,Sports & Outdoors,Running Shoes,3,163.74,Credit Card,Port Jackview,4.0,F,44,54.580000000000005,7,4,3,2024
37821,2024-07-12,855,50,Sports & Outdoors,Yoga Mat,2,341.18,Cash on Delivery,Port Robertchester,5.0,F,37,170.59,7,12,4,2024
43279,2024-03-30,403,30,Home & Living,Carpet,4,247.25,Credit Card,Anthonyville,2.0,M,26,61.8125,3,30,5,2024
54459,2024-05-22,676,30,Home & Living,Painting,5,355.4,Cash on Delivery,Michellebury,5.0,M,35,71.08,5,22,2,2024
71713,2024-10-03,819,30,Home & Living,Carpet,3,467.51,Cash on Delivery,Floydchester,2.0,M,50,155.83666666666667,10,3,3,2024
52566,2025-01-24,799,30,Home & Living,Vase,4,114.85,Cash on Delivery,West Jessica,2.0,F,31,28.7125,1,24,4,2025
49956,2025-01-17,675,30,Home & Living,Blanket,5,63.52,Cash on Delivery,Audreystad,4.0,M,24,12.704,1,17,4,2025
45326,2024-08-15,714,20,Fashion,Skirt,2,329.92,Bank Transfer,Lake Joanna,4.0,M,41,164.96,8,15,3,2024
38806,2024-07-14,665,30,Home & Living,Painting,3,149.85,Credit Card,Lake Brentfurt,5.0,M,62,49.949999999999996,7,14,6,2024
46244,2024-07-23,263,50,Sports & Outdoors,Basketball,5,272.22,Cash on Delivery,Lake Ellen,5.0,M,62,54.444,7,23,1,2024
39858,2024-08-29,339,20,Fashion,Skirt,5,442.3,Credit Card,West Jimmystad,5.0,M,19,88.46000000000001,8,29,3,2024
98074,2024-08-03,463,30,Home & Living,Vase,4,494.66,Cash on Delivery,East Jason,4.0,F,47,123.665,8,3,5,2024
82077,2024-09-14,889,20,Fashion,Shirt,1,239.33,Credit Card,Brandyborough,5.0,M,37,239.33,9,14,5,2024
20351,2024-05-30,627,40,Books & Stationery,Notebook,5,362.11,Credit Card,North Dana,5.0,F,62,72.422,5,30,3,2024
24734,2025-03-05,674,50,Sports & Outdoors,Basketball,2,95.99,Cash on Delivery,Monicaland,5.0,F,39,47.995,3,5,2,2025
20393,2025-02-28,133,40,Books & Stationery,Notebook,5,468.55,Credit Card,South Elizabethport,2.0,M,68,93.71000000000001,2,28,4,2025
84575,2024-11-02,922,30,Home & Living,Painting,4,157.95,Cash on Delivery,Perezmouth,4.0,M,68,39.4875,11,2,5,2024
38523,2024-06-20,383,30,Home & Living,Blanket,3,40.44,Credit Card,Rodgersfurt,4.0,M,60,13.479999999999999,6,20,3,2024
90933,2024-06-21,799,50,Sports & Outdoors,Yoga Mat,3,348.24,Cash on Delivery,North Erikbury,5.0,M,65,116.08,6,21,4,2024
53977,2024-12-17,125,50,Sports & Outdoors,Basketball,1,117.37,Credit Card,South Taylorchester,4.0,F,43,117.37,12,17,1,2024
50771,2024-05-16,472,50,Sports & Outdoors,Yoga Mat,4,213.76,Cash on Delivery,Garciaville,5.0,F,24,53.44,5,16,3,2024
21473,2024-10-19,369,20,Fashion,Pants,2,343.37,Cash on Delivery,Aprilton,5.0,M,56,171.685,10,19,5,2024
93130,2024-07-11,233,40,Books & Stationery,Eraser,2,354.85,Credit Card,Eddiefurt,5.0,M,38,177.425,7,11,3,2024
53070,2024-11-19,503,50,Sports & Outdoors,Running Shoes,5,66.96,Credit Card,Jefferyshire,5.0,F,68,13.392,11,19,1,2024
76563,2024-10-31,108,50,Sports & Outdoors,Soccer Ball,2,283.81,Cash on Delivery,Moniquemouth,5.0,F,59,141.905,10,31,3,2024
35219,2025-01-03,739,40,Books & Stationery,Notebook,4,410.06,Cash on Delivery,East Lucas,1.0,M,21,102.515,1,3,4,2025
58789,2024-07-01,318,40,Books & Stationery,Pen,4,49.32,Cash on Delivery,Lauraberg,5.0,M,72,12.33,7,1,0,2024
80473,2024-10-21,317,30,Home & Living,Pillow,2,97.45,Cash on Delivery,Lake Brittanyburgh,3.0,M,44,48.725,10,21,0,2024
15625,2024-12-31,852,20,Fashion,T-shirt,4,380.53,Bank Transfer,Williamsfort,4.0,F,45,95.1325,12,31,1,2024
71490,2024-04-23,364,40,Books & Stationery,Eraser,1,195.85,Credit Card,Robertton,1.0,M,45,195.85,4,23,1,2024
66073,2025-01-30,983,30,Home & Living,Blanket,2,469.33,Cash on Delivery,Andersonview,5.0,M,40,234.665,1,30,3,2025
49765,2024-04-21,389,40,Books & Stationery,Eraser,3,385.37,Credit Card,Jensenstad,1.0,M,35,128.45666666666668,4,21,6,2024
83207,2024-05-27,530,50,Sports & Outdoors,Soccer Ball,5,228.76,Cash on Delivery,New Edwardville,5.0,M,56,45.751999999999995,5,27,0,2024
55540,2024-10-06,424,10,Electronics,Tablet,4,225.09,Cash on Delivery,Villanuevaburgh,1.0,F,23,56.2725,10,6,6,2024
96162,2024-09-12,887,50,Sports & Outdoors,Yoga Mat,5,292.96,Cash on Delivery,South Jeffreystad,5.0,M,34,58.592,9,12,3,2024
19293,2024-06-20,633,20,Fashion,Shirt,1,118.31,Bank Transfer,Clayfort,2.0,F,33,118.31,6,20,3,2024
37972,2024-10-07,603,50,Sports & Outdoors,Basketball,4,316.74,Bank Transfer,Colemouth,4.0,M,53,79.185,10,7,0,2024
11911,2025-02-21,572,30,Home & Living,Vase,3,395.04,Bank Transfer,Lake Tiffanyfurt,5.0,M,44,131.68,2,21,4,2025
66566,2024-07-28,794,30,Home & Living,Vase,5,100.1,Cash on Delivery,Michaelstad,4.0,F,19,20.02,7,28,6,2024
28186,2024-05-17,889,50,Sports & Outdoors,Tent,1,75.71,Credit Card,Port Christopherbury,2.0,M,41,75.71,5,17,4,2024
14303,2024-08-14,332,10,Electronics,Tablet,5,425.1,Credit Card,Bakerburgh,4.0,F,51,85.02000000000001,8,14,2,2024
49509,2024-08-18,508,10,Electronics,Headphones,1,194.81,Cash on Delivery,Phelpsstad,5.0,F,58,194.81,8,18,6,2024
24078,2024-11-29,344,20,Fashion,Shirt,5,364.91,Cash on Delivery,West Jesusville,1.0,M,71,72.982,11,29,4,2024
59338,2025-01-03,937,30,Home & Living,Painting,4,478.94,Credit Card,Josephton,1.0,M,48,119.735,1,3,4,2025
57240,2024-12-12,426,10,Electronics,Tablet,4,458.08,Cash on Delivery,Jennachester,5.0,M,61,114.52,12,12,3,2024
52736,2024-04-15,175,20,Fashion,Shirt,2,167.59,Bank Transfer,West Jerome,3.0,F,49,83.795,4,15,0,2024
58283,2025-01-25,787,30,Home & Living,Painting,3,138.17,Cash on Delivery,Colemanchester,5.0,F,22,46.056666666666665,1,25,5,2025
84978,2024-09-05,292,40,Books & Stationery,Notebook,1,458.02,Bank Transfer,Payneside,3.0,M,64,458.02,9,5,3,2024
45699,2025-02-03,200,20,Fashion,Pants,3,17.95,Cash on Delivery,Lake Victoriafort,5.0,F,26,5.983333333333333,2,3,0,2025
20938,2024-10-22,478,40,Books & Stationery,Notebook,1,84.68,Bank Transfer,Jordanmouth,1.0,F,40,84.68,10,22,1,2024
31412,2024-06-17,898,20,Fashion,Skirt,2,279.81,Cash on Delivery,Nguyenfort,3.0,F,61,139.905,6,17,0,2024
23743,2024-04-14,388,40,Books & Stationery,Pen,4,235.81,Cash on Delivery,Fishertown,5.0,M,43,58.9525,4,14,6,2024
95641,2024-05-25,887,50,Sports & Outdoors,Soccer Ball,3,421.14,Credit Card,Kruegerton,5.0,F,74,140.38,5,25,5,2024
93539,2025-02-25,907,10,Electronics,Tablet,2,77.37,Cash on Delivery,Gregoryville,1.0,F,43,38.685,2,25,1,2025
99015,2024-10-26,420,10,Electronics,Smartphone,5,269.41,Bank Transfer,Lake Paulastad,4.0,M,66,53.882000000000005,10,26,5,2024
17305,2024-12-26,914,20,Fashion,Pants,5,104.05,Cash on Delivery,Cabrerashire,2.0,M,28,20.81,12,26,3,2024
23570,2024-05-21,721,40,Books & Stationery,Novel,5,192.8,Bank Transfer,Calebmouth,4.0,M,35,38.56,5,21,1,2024
92246,2025-02-11,988,20,Fashion,Dress,3,345.18,Credit Card,Lewisburgh,5.0,F,21,115.06,2,11,1,2025
75246,2024-08-27,643,10,Electronics,Smartphone,5,208.59,Bank Transfer,North Jessica,4.0,M,56,41.718,8,27,1,2024
61329,2024-12-07,311,10,Electronics,Laptop,2,50.52,Bank Transfer,Ashleychester,5.0,M,74,25.26,12,7,5,2024
93329,2024-10-01,775,10,Electronics,Smartwatch,4,460.38,Credit Card,Johnhaven,1.0,F,44,115.095,10,1,1,2024
26186,2024-05-27,822,50,Sports & Outdoors,Running Shoes,3,142.84,Credit Card,Rebeccaborough,5.0,M,38,47.61333333333334,5,27,0,2024
18555,2025-03-06,287,50,Sports & Outdoors,Tent,2,332.47,Credit Card,Gutierreztown,5.0,M,68,166.235,3,6,3,2025
10825,2024-09-09,693,30,Home & Living,Blanket,1,286.34,Cash on Delivery,Port Marcusmouth,5.0,M,63,286.34,9,9,0,2024
43226,2024-09-09,221,10,Electronics,Headphones,1,306.53,Cash on Delivery,North David,5.0,M,32,306.53,9,9,0,2024
84629,2024-12-24,246,30,Home & Living,Pillow,4,320.72,Bank Transfer,Fritzchester,4.0,M,75,80.18,12,24,1,2024
55698,2025-03-16,776,40,Books & Stationery,Pen,4,101.01,Cash on Delivery,Lake Cynthiastad,5.0,M,48,25.2525,3,16,6,2025
24487,2024-07-01,468,40,Books & Stationery,Story Book,1,372.43,Bank Transfer,Brooksfort,3.0,M,38,372.43,7,1,0,2024
46781,2024-07-03,543,40,Books & Stationery,Pen,1,282.92,Cash on Delivery,New Jose,4.0,M,32,282.92,7,3,2,2024
47485,2025-01-16,868,30,Home & Living,Carpet,1,55.6,Cash on Delivery,Tatemouth,5.0,F,55,55.6,1,16,3,2025
80222,2024-06-25,543,10,Electronics,Headphones,2,212.77,Credit Card,Schroederland,5.0,F,50,106.385,6,25,1,2024
69990,2024-04-22,839,20,Fashion,Shirt,2,265.34,Cash on Delivery,Ericfurt,3.0,M,49,132.67,4,22,0,2024
61935,2024-04-14,484,30,Home & Living,Vase,3,393.51,Bank Transfer,Johnnyton,2.0,M,68,131.17,4,14,6,2024
37431,2024-04-28,736,40,Books & Stationery,Notebook,5,422.39,Bank Transfer,Lake Linda,5.0,M,26,84.478,4,28,6,2024
13425,2024-09-14,852,30,Home & Living,Vase,4,409.58,Cash on Delivery,Port Luke,5.0,M,46,102.395,9,14,5,2024
38547,2024-12-10,486,30,Home & Living,Carpet,3,474.17,Credit Card,West Courtneychester,4.0,M,61,158.05666666666667,12,10,1,2024
23420,2024-08-19,508,20,Fashion,Shirt,4,498.66,Credit Card,Port Adrianhaven,5.0,F,56,124.665,8,19,0,2024
35117,2025-02-24,391,40,Books & Stationery,Story Book,5,224.84,Bank Transfer,Davidbury,5.0,M,60,44.968,2,24,0,2025
79582,2025-01-17,388,40,Books & Stationery,Pen,1,78.2,Bank Transfer,Hughesfort,1.0,F,66,78.2,1,17,4,2025
61272,2024-05-01,192,40,Books & Stationery,Pen,3,46.24,Cash on Delivery,North Kathryn,4.0,M,18,15.413333333333334,5,1,2,2024
67596,2025-02-15,348,50,Sports & Outdoors,Running Shoes,2,276.39,Bank Transfer,Melanieton,5.0,F,41,138.195,2,15,5,2025
60808,2025-01-08,424,50,Sports & Outdoors,Soccer Ball,3,63.59,Credit Card,Crawfordport,5.0,M,19,21.19666666666667,1,8,2,2025
87513,2024-05-04,782,50,Sports & Outdoors,Soccer Ball,2,285.98,Cash on Delivery,Taylorview,5.0,M,44,142.99,5,4,5,2024
30444,2024-12-24,651,30,Home & Living,Vase,4,61.91,Credit Card,Alexanderborough,2.0,F,38,15.4775,12,24,1,2024
62506,2024-05-09,560,50,Sports & Outdoors,Tent,1,294.45,Cash on Delivery,Port Kellyview,1.0,M,65,294.45,5,9,3,2024
45719,2024-08-25,329,40,Books & Stationery,Eraser,3,348.31,Credit Card,Townsendville,3.0,M,26,116.10333333333334,8,25,6,2024
58368,2024-12-08,522,20,Fashion,Dress,3,162.83,Bank Transfer,Amandamouth,5.0,F,23,54.27666666666667,12,8,6,2024
41135,2024-08-17,862,30,Home & Living,Vase,4,57.84,Cash on Delivery,Lake Emily,5.0,M,23,14.46,8,17,5,2024
61065,2024-04-20,988,10,Electronics,Laptop,1,465.66,Cash on Delivery,West Rebekahland,1.0,M,25,465.66,4,20,5,2024
96568,2024-03-21,842,20,Fashion,Dress,1,284.33,Bank Transfer,Port Melissa,1.0,M,62,284.33,3,21,3,2024
14284,2024-06-05,865,20,Fashion,Pants,1,323.83,Bank Transfer,North Bradleymouth,3.0,F,63,323.83,6,5,2,2024
58130,2024-05-17,171,40,Books & Stationery,Novel,1,138.55,Bank Transfer,Lake Mallory,4.0,F,56,138.55,5,17,4,2024
89076,2024-10-12,967,40,Books & Stationery,Eraser,3,94.54,Cash on Delivery,Wendychester,5.0,M,69,31.513333333333335,10,12,5,2024
75860,2024-07-02,370,50,Sports & Outdoors,Tent,3,51.53,Credit Card,Patriciaberg,3.0,M,63,17.176666666666666,7,2,1,2024
22360,2024-04-19,766,10,Electronics,Laptop,3,192.92,Credit Card,Port Maxwell,4.0,M,68,64.30666666666666,4,19,4,2024
37265,2024-05-01,162,20,Fashion,Shirt,3,198.02,Credit Card,Colemanmouth,4.0,F,37,66.00666666666667,5,1,2,2024
22599,2025-01-28,888,40,Books & Stationery,Eraser,4,36.27,Bank Transfer,Port Sarahfort,5.0,F,18,9.0675,1,28,1,2025
39126,2024-08-09,225,20,Fashion,Skirt,3,482.28,Cash on Delivery,Port Alexanderton,5.0,M,24,160.76,8,9,4,2024
14108,2024-09-22,820,40,Books & Stationery,Pen,1,357.97,Bank Transfer,Markborough,4.0,M,55,357.97,9,22,6,2024
12544,2024-07-02,958,10,Electronics,Laptop,3,153.12,Bank Transfer,Webermouth,1.0,M,28,51.04,7,2,1,2024
49580,2024-12-25,828,40,Books & Stationery,Eraser,1,373.83,Bank Transfer,Watsonchester,4.0,M,30,373.83,12,25,2,2024
96065,2024-07-01,297,10,Electronics,Headphones,2,389.81,Bank Transfer,Hickmanside,4.0,F,62,194.905,7,1,0,2024
90540,2024-12-19,259,20,Fashion,Dress,4,438.66,Credit Card,Port Dawn,4.0,M,49,109.665,12,19,3,2024
33770,2025-03-10,716,10,Electronics,Tablet,1,433.99,Credit Card,East Frankhaven,5.0,M,42,433.99,3,10,0,2025
82817,2025-03-13,486,50,Sports & Outdoors,Yoga Mat,4,431.91,Cash on Delivery,South Michael,5.0,M,29,107.9775,3,13,3,2025
27140,2024-08-17,260,20,Fashion,Pants,1,408.63,Credit Card,New Seth,4.0,F,21,408.63,8,17,5,2024
53754,2024-07-11,190,50,Sports & Outdoors,Tent,1,92.5,Cash on Delivery,East Ericview,2.0,F,73,92.5,7,11,3,2024
62597,2024-08-17,828,20,Fashion,Pants,1,132.34,Cash on Delivery,Ramosport,3.0,M,54,132.34,8,17,5,2024
40338,2024-12-31,310,40,Books & Stationery,Pen,5,79.66,Cash on Delivery,South Matthew,2.0,M,36,15.931999999999999,12,31,1,2024
81439,2024-11-17,792,40,Books & Stationery,Novel,2,320.48,Credit Card,Woodsport,4.0,F,21,160.24,11,17,6,2024
59486,2024-11-29,327,30,Home & Living,Vase,5,475.62,Bank Transfer,Brownbury,4.0,F,61,95.124,11,29,4,2024
50145,2024-10-26,554,10,Electronics,Tablet,3,321.07,Cash on Delivery,Paulton,3.0,M,34,107.02333333333333,10,26,5,2024
26849,2024-11-24,667,50,Sports & Outdoors,Running Shoes,3,116.74,Bank Transfer,Gardnerberg,5.0,F,27,38.913333333333334,11,24,6,2024
10211,2024-07-23,964,30,Home & Living,Pillow,2,32.51,Cash on Delivery,Lake Michael,5.0,F,25,16.255,7,23,1,2024
47342,2024-08-30,141,10,Electronics,Laptop,4,226.23,Credit Card,Port Tammyberg,5.0,M,59,56.5575,8,30,4,2024
20004,2024-05-25,137,30,Home & Living,Blanket,3,220.32,Credit Card,Justinport,5.0,M,49,73.44,5,25,5,2024
53575,2024-05-04,622,40,Books & Stationery,Novel,3,75.02,Credit Card,Brownbury,4.0,M,33,25.006666666666664,5,4,5,2024
34224,2025-01-27,347,10,Electronics,Headphones,5,410.38,Bank Transfer,Lynnland,5.0,F,35,82.076,1,27,0,2025
89887,2024-05-13,576,30,Home & Living,Blanket,3,197.53,Credit Card,West Stevenburgh,5.0,F,32,65.84333333333333,5,13,0,2024
71870,2024-12-30,522,10,Electronics,Smartwatch,3,286.01,Cash on Delivery,West Justin,5.0,M,56,95.33666666666666,12,30,0,2024
63842,2024-06-22,781,20,Fashion,Pants,2,460.75,Cash on Delivery,Nguyenmouth,5.0,F,68,230.375,6,22,5,2024
97274,2025-02-24,560,10,Electronics,Smartphone,3,78.61,Credit Card,East Donna,4.0,M,55,26.203333333333333,2,24,0,2025
23807,2024-12-02,547,40,Books & Stationery,Notebook,5,397.63,Credit Card,Jackshire,2.0,M,53,79.526,12,2,0,2024
27836,2024-06-09,302,10,Electronics,Headphones,4,110.67,Cash on Delivery,Brownshire,4.0,F,73,27.6675,6,9,6,2024
13591,2024-04-21,884,30,Home & Living,Pillow,1,394.06,Credit Card,Cameronside,4.0,M,18,394.06,4,21,6,2024
53270,2024-09-15,848,20,Fashion,Skirt,1,431.8,Cash on Delivery,South Jessica,4.0,F,65,431.8,9,15,6,2024
30090,2024-03-26,493,30,Home & Living,Blanket,3,29.52,Credit Card,Joshuamouth,5.0,M,20,9.84,3,26,1,2024
47189,2024-05-10,700,30,Home & Living,Carpet,1,385.88,Bank Transfer,New Amy,5.0,M,57,385.88,5,10,4,2024
84661,2024-04-04,129,20,Fashion,Pants,2,272.83,Bank Transfer,Martineztown,4.0,F,38,136.415,4,4,3,2024
62444,2024-10-14,222,10,Electronics,Headphones,3,352.35,Cash on Delivery,South Carriefurt,5.0,M,70,117.45,10,14,0,2024
94912,2024-11-14,795,20,Fashion,T-shirt,4,463.07,Credit Card,East Robert,4.0,F,70,115.7675,11,14,3,2024
50437,2024-09-20,220,40,Books & Stationery,Notebook,2,266.27,Cash on Delivery,Port Jasmin,2.0,M,34,133.135,9,20,4,2024
50139,2024-12-10,905,30,Home & Living,Pillow,4,388.0,Credit Card,Port Vincenttown,3.0,M,53,97.0,12,10,1,2024
22264,2024-03-26,870,50,Sports & Outdoors,Soccer Ball,1,138.85,Cash on Delivery,Danielton,5.0,F,63,138.85,3,26,1,2024
44793,2024-05-17,401,10,Electronics,Smartwatch,5,340.32,Credit Card,West Michellemouth,1.0,F,54,68.064,5,17,4,2024
53993,2025-03-06,268,20,Fashion,T-shirt,3,280.9,Cash on Delivery,Whiteborough,5.0,M,47,93.63333333333333,3,6,3,2025
15858,2024-09-20,626,30,Home & Living,Blanket,2,213.97,Cash on Delivery,Jacobville,3.0,F,51,106.985,9,20,4,2024
20025,2024-12-21,681,50,Sports & Outdoors,Yoga Mat,2,68.51,Cash on Delivery,North Debraland,5.0,M,60,34.255,12,21,5,2024
33753,2024-08-18,531,50,Sports & Outdoors,Soccer Ball,3,477.5,Credit Card,Lake Bethmouth,5.0,F,56,159.16666666666666,8,18,6,2024
92393,2025-03-12,344,50,Sports & Outdoors,Yoga Mat,5,372.39,Credit Card,South Christineberg,4.0,F,63,74.478,3,12,2,2025
25309,2024-08-24,977,40,Books & Stationery,Story Book,3,368.91,Cash on Delivery,East Anthony,5.0,M,52,122.97000000000001,8,24,5,2024
37422,2024-08-28,444,10,Electronics,Tablet,5,21.72,Cash on Delivery,Maddenview,3.0,F,22,4.343999999999999,8,28,2,2024
99243,2025-01-25,739,10,Electronics,Headphones,2,10.72,Cash on Delivery,North Diane,3.0,F,55,5.36,1,25,5,2025
77451,2024-07-20,509,20,Fashion,Dress,3,55.58,Credit Card,Andersonside,5.0,F,71,18.526666666666667,7,20,5,2024
41613,2025-02-21,159,30,Home & Living,Vase,5,487.53,Credit Card,Port Melissaborough,4.0,F,19,97.506,2,21,4,2025
76799,2024-11-08,691,20,Fashion,Dress,3,137.89,Bank Transfer,Freemanport,5.0,M,39,45.96333333333333,11,8,4,2024
42185,2024-09-24,615,50,Sports & Outdoors,Soccer Ball,2,86.15,Credit Card,Lake Spencer,4.0,M,35,43.075,9,24,1,2024
36989,2024-12-22,639,10,Electronics,Smartwatch,3,185.56,Credit Card,Andersonfort,4.0,F,48,61.85333333333333,12,22,6,2024
62189,2025-02-21,650,10,Electronics,Smartphone,3,87.23,Cash on Delivery,Smithfort,3.0,F,54,29.076666666666668,2,21,4,2025
42991,2024-08-24,144,30,Home & Living,Vase,1,261.6,Cash on Delivery,Stevensfurt,2.0,F,44,261.6,8,24,5,2024
61358,2025-02-26,439,20,Fashion,T-shirt,5,476.53,Bank Transfer,Port Paul,4.0,F,51,95.306,2,26,2,2025
65102,2024-09-10,294,20,Fashion,Pants,1,107.09,Bank Transfer,Port Ryanville,3.0,F,52,107.09,9,10,1,2024
17439,2024-08-12,520,10,Electronics,Laptop,4,462.82,Bank Transfer,Marieborough,5.0,M,55,115.705,8,12,0,2024
36922,2024-10-17,226,20,Fashion,Dress,1,254.46,Cash on Delivery,Lake Brittanyberg,4.0,M,75,254.46,10,17,3,2024
48551,2025-01-14,374,40,Books & Stationery,Story Book,3,215.43,Cash on Delivery,Deborahview,5.0,F,69,71.81,1,14,1,2025
62183,2024-04-04,568,50,Sports & Outdoors,Soccer Ball,2,494.81,Cash on Delivery,Jasontown,3.0,F,52,247.405,4,4,3,2024
96862,2024-09-28,146,40,Books & Stationery,Notebook,5,457.21,Cash on Delivery,Barberside,3.0,M,29,91.442,9,28,5,2024
94597,2024-12-28,241,10,Electronics,Headphones,2,302.59,Credit Card,Griffintown,5.0,F,28,151.295,12,28,5,2024
57366,2024-05-09,267,10,Electronics,Laptop,2,331.86,Bank Transfer,West Joshuahaven,4.0,F,32,165.93,5,9,3,2024
74049,2024-10-07,354,10,Electronics,Laptop,5,292.09,Bank Transfer,West Jonathon,3.0,F,46,58.41799999999999,10,7,0,2024
14046,2024-12-19,689,20,Fashion,Pants,4,125.91,Bank Transfer,North Amandaland,5.0,F,24,31.4775,12,19,3,2024
54645,2024-07-30,190,50,Sports & Outdoors,Soccer Ball,4,354.69,Bank Transfer,Scottmouth,5.0,F,75,88.6725,7,30,1,2024
24024,2024-05-09,869,50,Sports & Outdoors,Basketball,5,419.98,Bank Transfer,Shanetown,4.0,M,55,83.99600000000001,5,9,3,2024
57449,2024-10-20,247,10,Electronics,Smartphone,5,37.52,Cash on Delivery,Luketon,1.0,F,32,7.5040000000000004,10,20,6,2024
87653,2024-07-28,653,10,Electronics,Headphones,2,459.77,Credit Card,Johnland,5.0,M,28,229.885,7,28,6,2024
55931,2024-09-13,431,40,Books & Stationery,Pen,2,328.1,Credit Card,East Nicole,5.0,F,46,164.05,9,13,4,2024
68792,2024-11-09,209,50,Sports & Outdoors,Yoga Mat,1,119.39,Cash on Delivery,Kevinville,5.0,M,38,119.39,11,9,5,2024
13992,2024-09-28,375,40,Books & Stationery,Eraser,5,25.87,Cash on Delivery,Karenside,3.0,F,40,5.174,9,28,5,2024
33897,2024-06-11,755,50,Sports & Outdoors,Basketball,1,323.43,Credit Card,Port Joseph,5.0,M,48,323.43,6,11,1,2024
88142,2024-11-09,992,10,Electronics,Headphones,3,228.85,Bank Transfer,Carlville,1.0,F,50,76.28333333333333,11,9,5,2024
76411,2024-11-18,576,40,Books & Stationery,Story Book,4,443.43,Bank Transfer,Port Tony,5.0,M,57,110.8575,11,18,0,2024
53652,2024-06-14,899,40,Books & Stationery,Novel,5,416.12,Cash on Delivery,Johnmouth,5.0,F,56,83.224,6,14,4,2024
23300,2024-06-05,737,20,Fashion,Skirt,2,46.12,Credit Card,East Mariebury,2.0,M,66,23.06,6,5,2,2024
33156,2025-03-16,855,10,Electronics,Headphones,3,301.07,Cash on Delivery,New Danielberg,5.0,F,60,100.35666666666667,3,16,6,2025
17483,2024-06-11,205,20,Fashion,Pants,4,210.55,Cash on Delivery,Lisafurt,5.0,F,48,52.6375,6,11,1,2024
62764,2024-11-03,901,40,Books & Stationery,Story Book,4,36.71,Credit Card,Paulabury,4.0,M,23,9.1775,11,3,6,2024
63876,2024-09-04,545,50,Sports & Outdoors,Running Shoes,2,107.84,Credit Card,Nicolebury,1.0,F,53,53.92,9,4,2,2024
76057,2024-07-03,560,10,Electronics,Tablet,4,423.45,Bank Transfer,New Rhondaborough,5.0,F,52,105.8625,7,3,2,2024
62323,2024-11-04,308,30,Home & Living,Blanket,5,228.43,Bank Transfer,New Terrancetown,4.0,M,26,45.686,11,4,0,2024
13120,2024-04-07,893,30,Home & Living,Carpet,1,40.2,Cash on Delivery,New David,5.0,M,59,40.2,4,7,6,2024
78206,2024-08-17,610,30,Home & Living,Carpet,5,212.85,Cash on Delivery,North Jacob,1.0,M,18,42.57,8,17,5,2024
77729,2024-03-23,744,50,Sports & Outdoors,Basketball,3,243.37,Credit Card,Julieborough,3.0,F,64,81.12333333333333,3,23,5,2024
76603,2025-02-27,511,10,Electronics,Smartwatch,2,289.9,Cash on Delivery,Lake Toddside,5.0,F,36,144.95,2,27,3,2025
91463,2024-09-27,110,20,Fashion,Pants,5,418.71,Bank Transfer,Johnsonborough,3.0,F,66,83.74199999999999,9,27,4,2024
85934,2024-03-23,141,10,Electronics,Smartphone,2,200.17,Bank Transfer,Edwardview,4.0,F,60,100.085,3,23,5,2024
91509,2025-02-24,113,50,Sports & Outdoors,Running Shoes,3,459.41,Credit Card,Robertfort,5.0,F,43,153.13666666666668,2,24,0,2025
13725,2024-06-16,564,10,Electronics,Smartphone,4,285.72,Credit Card,Hughesmouth,5.0,F,26,71.43,6,16,6,2024
45232,2024-05-28,140,30,Home & Living,Vase,2,139.43,Cash on Delivery,New Kyle,4.0,F,67,69.715,5,28,1,2024
55539,2024-12-13,614,10,Electronics,Laptop,5,144.95,Credit Card,Jasonbury,5.0,F,59,28.99,12,13,4,2024
77318,2025-02-18,305,40,Books & Stationery,Novel,2,203.94,Bank Transfer,Brownchester,5.0,M,23,101.97,2,18,1,2025
25761,2024-05-11,657,40,Books & Stationery,Notebook,4,449.55,Credit Card,Port Andre,3.0,F,29,112.3875,5,11,5,2024
54917,2024-12-26,405,20,Fashion,Pants,4,157.24,Cash on Delivery,Christopherburgh,4.0,F,62,39.31,12,26,3,2024
47349,2025-01-26,517,40,Books & Stationery,Pen,2,382.15,Bank Transfer,Hernandezfort,5.0,F,47,191.075,1,26,6,2025
19284,2024-07-28,944,20,Fashion,T-shirt,5,162.45,Cash on Delivery,Phillipsport,4.0,F,52,32.489999999999995,7,28,6,2024
60712,2025-02-09,775,50,Sports & Outdoors,Tent,5,24.18,Credit Card,Georgestad,5.0,M,57,4.836,2,9,6,2025
92087,2024-03-26,888,10,Electronics,Laptop,4,26.2,Credit Card,South Michael,5.0,F,21,6.55,3,26,1,2024
39413,2024-10-01,362,20,Fashion,Pants,2,327.22,Cash on Delivery,Wesleytown,1.0,F,23,163.61,10,1,1,2024
59603,2024-09-05,125,20,Fashion,Shirt,2,402.42,Credit Card,New Melissa,2.0,F,28,201.21,9,5,3,2024
92950,2024-03-27,265,30,Home & Living,Painting,2,217.67,Bank Transfer,Austinbury,5.0,F,37,108.835,3,27,2,2024
85365,2024-12-18,870,20,Fashion,Skirt,2,158.05,Cash on Delivery,Andersonshire,5.0,M,59,79.025,12,18,2,2024
17937,2025-02-17,787,10,Electronics,Smartphone,4,260.64,Cash on Delivery,Joetown,5.0,F,53,65.16,2,17,0,2025
74288,2024-08-04,173,50,Sports & Outdoors,Tent,2,308.43,Bank Transfer,Lake Williamfort,5.0,F,25,154.215,8,4,6,2024
77157,2025-01-07,635,30,Home & Living,Painting,4,323.89,Bank Transfer,Port Pamelatown,2.0,F,61,80.9725,1,7,1,2025
87140,2024-12-02,977,30,Home & Living,Blanket,3,83.47,Credit Card,New Joshua,5.0,F,28,27.823333333333334,12,2,0,2024
36926,2024-03-29,350,40,Books & Stationery,Notebook,2,137.12,Bank Transfer,Simonfort,4.0,F,68,68.56,3,29,4,2024
74490,2024-05-26,677,50,Sports & Outdoors,Tent,1,409.85,Bank Transfer,Jamesmouth,5.0,M,65,409.85,5,26,6,2024
75854,2024-10-08,783,50,Sports & Outdoors,Running Shoes,3,454.2,Cash on Delivery,Timothychester,3.0,M,19,151.4,10,8,1,2024
17341,2024-08-10,291,20,Fashion,Shirt,5,98.76,Credit Card,Port Timothyshire,4.0,F,20,19.752000000000002,8,10,5,2024
35822,2024-04-22,748,50,Sports & Outdoors,Basketball,1,473.99,Bank Transfer,Lake Jason,5.0,M,57,473.99,4,22,0,2024
47566,2024-09-07,574,20,Fashion,Dress,4,216.03,Bank Transfer,South John,3.0,F,32,54.0075,9,7,5,2024
58295,2024-07-17,187,20,Fashion,T-shirt,3,248.91,Cash on Delivery,Penningtonberg,5.0,M,39,82.97,7,17,2,2024
24196,2025-01-06,229,10,Electronics,Smartphone,1,231.51,Credit Card,Timothyland,5.0,M,41,231.51,1,6,0,2025
57960,2024-04-09,951,40,Books & Stationery,Pen,1,220.22,Bank Transfer,Connerburgh,3.0,M,29,220.22,4,9,1,2024
34368,2024-07-31,204,20,Fashion,Dress,3,475.53,Bank Transfer,Kurtmouth,5.0,F,69,158.51,7,31,2,2024
82764,2024-04-23,763,10,Electronics,Smartphone,1,317.08,Credit Card,Lake Scottfurt,1.0,F,37,317.08,4,23,1,2024
71646,2024-09-15,693,30,Home & Living,Blanket,2,60.33,Cash on Delivery,Hernandezmouth,4.0,M,48,30.165,9,15,6,2024
82989,2024-05-24,892,10,Electronics,Headphones,1,474.75,Bank Transfer,Port Marvinmouth,5.0,F,61,474.75,5,24,4,2024
81959,2025-03-13,433,20,Fashion,Pants,2,369.7,Cash on Delivery,Martinbury,4.0,M,19,184.85,3,13,3,2025
48904,2025-02-07,931,10,Electronics,Tablet,3,439.51,Bank Transfer,Raymondland,5.0,F,63,146.50333333333333,2,7,4,2025
29007,2024-09-11,951,50,Sports & Outdoors,Soccer Ball,4,334.37,Cash on Delivery,Morrisburgh,5.0,M,24,83.5925,9,11,2,2024
35793,2024-11-23,427,10,Electronics,Tablet,2,227.71,Credit Card,South Sharonburgh,4.0,F,66,113.855,11,23,5,2024
65579,2024-10-07,533,10,Electronics,Smartwatch,1,142.29,Cash on Delivery,Cervantesland,5.0,M,63,142.29,10,7,0,2024
61930,2024-04-05,660,10,Electronics,Smartwatch,3,362.2,Credit Card,Maxwellhaven,2.0,F,44,120.73333333333333,4,5,4,2024
77096,2024-11-30,369,50,Sports & Outdoors,Running Shoes,4,83.08,Credit Card,Millerborough,5.0,M,22,20.77,11,30,5,2024
99677,2025-02-15,622,10,Electronics,Headphones,4,325.73,Bank Transfer,Kennethstad,5.0,M,70,81.4325,2,15,5,2025
39828,2025-02-12,953,40,Books & Stationery,Novel,3,58.91,Credit Card,Markchester,5.0,F,75,19.636666666666667,2,12,2,2025
49782,2024-10-27,911,10,Electronics,Smartphone,3,427.48,Cash on Delivery,Lake Brianbury,5.0,M,63,142.49333333333334,10,27,6,2024
13431,2025-01-03,591,20,Fashion,T-shirt,3,206.38,Bank Transfer,Port Jason,2.0,M,63,68.79333333333334,1,3,4,2025
14487,2024-11-01,923,10,Electronics,Laptop,5,60.82,Cash on Delivery,South Melinda,4.0,F,56,12.164,11,1,4,2024
74218,2024-12-30,631,40,Books & Stationery,Story Book,1,309.55,Bank Transfer,New Natalie,5.0,F,52,309.55,12,30,0,2024
37624,2025-03-08,681,20,Fashion,Skirt,1,461.0,Credit Card,Dennisburgh,5.0,M,20,461.0,3,8,5,2025
25561,2024-11-23,275,10,Electronics,Headphones,1,330.94,Credit Card,Port Samanthafort,5.0,F,31,330.94,11,23,5,2024
25091,2025-01-30,766,50,Sports & Outdoors,Tent,5,119.75,Cash on Delivery,Port Laurenfort,5.0,F,20,23.95,1,30,3,2025
65398,2024-11-18,505,50,Sports & Outdoors,Soccer Ball,4,222.1,Cash on Delivery,East Codyport,1.0,M,33,55.525,11,18,0,2024
37040,2024-07-28,628,40,Books & Stationery,Story Book,3,421.13,Cash on Delivery,Matthewmouth,5.0,F,41,140.37666666666667,7,28,6,2024
53928,2024-07-18,624,10,Electronics,Laptop,5,257.73,Bank Transfer,Butlerton,5.0,F,35,51.54600000000001,7,18,3,2024
81400,2024-08-02,950,10,Electronics,Tablet,4,167.11,Bank Transfer,South Elizabeth,5.0,M,48,41.7775,8,2,4,2024
38645,2025-02-12,851,20,Fashion,Shirt,2,325.23,Bank Transfer,Raymondchester,5.0,M,27,162.615,2,12,2,2025
61294,2024-08-23,645,40,Books & Stationery,Eraser,2,229.57,Bank Transfer,Port Jameston,4.0,M,38,114.785,8,23,4,2024
91781,2024-03-20,497,10,Electronics,Smartwatch,3,481.95,Cash on Delivery,North Thomas,3.0,F,42,160.65,3,20,2,2024
72072,2025-02-09,349,20,Fashion,Skirt,3,475.67,Bank Transfer,East Annettemouth,5.0,F,51,158.55666666666667,2,9,6,2025
89104,2024-12-07,358,40,Books & Stationery,Notebook,3,284.47,Cash on Delivery,Christophertown,4.0,F,55,94.82333333333334,12,7,5,2024
25897,2024-11-22,247,30,Home & Living,Vase,5,65.87,Cash on Delivery,Randallburgh,1.0,M,29,13.174000000000001,11,22,4,2024
18651,2024-07-04,121,40,Books & Stationery,Story Book,5,412.7,Cash on Delivery,Roychester,5.0,M,29,82.53999999999999,7,4,3,2024
36373,2024-09-25,901,50,Sports & Outdoors,Basketball,1,101.9,Bank Transfer,Port Lindaton,1.0,F,50,101.9,9,25,2,2024
90154,2024-07-27,762,50,Sports & Outdoors,Soccer Ball,1,388.35,Bank Transfer,New Amy,4.0,F,19,388.35,7,27,5,2024
81927,2024-05-04,669,50,Sports & Outdoors,Basketball,1,482.29,Credit Card,Dukeborough,4.0,M,61,482.29,5,4,5,2024
50200,2024-05-03,841,50,Sports & Outdoors,Yoga Mat,2,257.01,Bank Transfer,Lake Jason,4.0,F,39,128.505,5,3,4,2024
16430,2024-10-23,522,20,Fashion,Dress,2,204.96,Bank Transfer,Rodriguezport,5.0,F,57,102.48,10,23,2,2024
99042,2024-05-26,343,20,Fashion,Pants,2,212.25,Cash on Delivery,Jamesfort,5.0,F,69,106.125,5,26,6,2024
29306,2024-12-07,162,50,Sports & Outdoors,Yoga Mat,3,358.82,Cash on Delivery,Williamsburgh,5.0,M,41,119.60666666666667,12,7,5,2024
56589,2024-12-27,969,20,Fashion,Shirt,1,275.82,Cash on Delivery,Priceburgh,3.0,M,18,275.82,12,27,4,2024
79379,2024-10-18,411,30,Home & Living,Carpet,5,245.38,Cash on Delivery,East William,5.0,F,54,49.076,10,18,4,2024
51171,2024-09-08,608,50,Sports & Outdoors,Yoga Mat,1,439.96,Bank Transfer,South Tonya,5.0,F,19,439.96,9,8,6,2024
86056,2024-05-27,629,20,Fashion,Dress,2,344.86,Credit Card,Devonmouth,5.0,F,63,172.43,5,27,0,2024
90329,2024-08-17,114,30,Home & Living,Blanket,4,379.26,Credit Card,East Amandaside,3.0,F,49,94.815,8,17,5,2024
52647,2024-12-16,806,50,Sports & Outdoors,Tent,4,433.77,Cash on Delivery,Port Timothy,5.0,M,43,108.4425,12,16,0,2024
60295,2024-09-14,636,50,Sports & Outdoors,Yoga Mat,2,349.54,Credit Card,Joshuabury,5.0,M,71,174.77,9,14,5,2024
47453,2024-08-04,175,30,Home & Living,Carpet,2,36.36,Cash on Delivery,Alvaradoborough,2.0,F,58,18.18,8,4,6,2024
26742,2024-08-30,349,40,Books & Stationery,Story Book,3,456.63,Cash on Delivery,Toddton,5.0,M,75,152.21,8,30,4,2024
12945,2024-09-30,798,50,Sports & Outdoors,Soccer Ball,5,194.83,Bank Transfer,Lake Vincentview,2.0,M,42,38.966,9,30,0,2024
86737,2025-01-16,352,20,Fashion,Shirt,1,424.55,Credit Card,Port Matthew,3.0,F,24,424.55,1,16,3,2025
67405,2024-04-13,183,20,Fashion,T-shirt,2,85.31,Bank Transfer,Morrisport,4.0,F,43,42.655,4,13,5,2024
52751,2024-09-08,399,50,Sports & Outdoors,Yoga Mat,3,250.37,Cash on Delivery,Coreyfort,4.0,M,43,83.45666666666666,9,8,6,2024
54453,2025-01-28,246,30,Home & Living,Carpet,2,117.78,Credit Card,West Samuelhaven,4.0,F,19,58.89,1,28,1,2025
67232,2024-05-29,645,20,Fashion,Dress,2,172.22,Bank Transfer,Meyerchester,1.0,F,52,86.11,5,29,2,2024
51714,2024-07-12,479,40,Books & Stationery,Story Book,3,453.2,Cash on Delivery,Karenstad,5.0,M,27,151.06666666666666,7,12,4,2024
79715,2024-11-22,977,10,Electronics,Headphones,5,196.87,Credit Card,West Crystal,3.0,F,38,39.374,11,22,4,2024
26457,2024-10-07,279,30,Home & Living,Pillow,5,456.55,Bank Transfer,Hawkinschester,4.0,F,60,91.31,10,7,0,2024
59266,2024-10-14,405,10,Electronics,Laptop,2,486.1,Cash on Delivery,North Michaelborough,4.0,F,63,243.05,10,14,0,2024
18191,2024-12-11,355,20,Fashion,Pants,2,433.83,Bank Transfer,Port Jasmine,5.0,M,26,216.915,12,11,2,2024
62030,2024-05-28,375,10,Electronics,Smartphone,2,45.89,Credit Card,West Patriciachester,5.0,F,64,22.945,5,28,1,2024
62120,2025-03-05,501,50,Sports & Outdoors,Basketball,3,456.38,Bank Transfer,East Bryanport,3.0,F,50,152.12666666666667,3,5,2,2025
94503,2024-09-24,874,30,Home & Living,Carpet,2,62.01,Cash on Delivery,East Moniquefort,3.0,M,68,31.005,9,24,1,2024
45242,2025-01-14,471,20,Fashion,Pants,4,375.91,Cash on Delivery,Port Melissaborough,2.0,F,73,93.9775,1,14,1,2025
32168,2024-09-29,896,30,Home & Living,Painting,4,479.12,Credit Card,Lesliemouth,4.0,F,39,119.78,9,29,6,2024
43139,2024-07-06,669,10,Electronics,Smartphone,5,12.46,Cash on Delivery,Veronicaland,3.0,F,67,2.492,7,6,5,2024
88885,2024-12-13,393,10,Electronics,Headphones,1,112.93,Cash on Delivery,Port Emily,5.0,M,27,112.93,12,13,4,2024
27584,2025-01-10,366,40,Books & Stationery,Eraser,1,79.8,Credit Card,Port Diana,1.0,F,51,79.8,1,10,4,2025
89618,2025-03-01,567,20,Fashion,T-shirt,1,98.87,Cash on Delivery,New Michealtown,5.0,F,42,98.87,3,1,5,2025
70242,2024-04-21,732,50,Sports & Outdoors,Running Shoes,2,325.89,Credit Card,Garciamouth,2.0,M,27,162.945,4,21,6,2024
11655,2025-03-05,961,10,Electronics,Laptop,4,365.54,Bank Transfer,Navarrostad,5.0,M,61,91.385,3,5,2,2025
77187,2024-05-03,500,20,Fashion,T-shirt,1,149.72,Credit Card,South Edgartown,5.0,M,40,149.72,5,3,4,2024
85139,2024-12-13,844,40,Books & Stationery,Notebook,1,312.01,Bank Transfer,Jackmouth,5.0,M,57,312.01,12,13,4,2024
48216,2024-08-12,738,40,Books & Stationery,Pen,5,228.23,Bank Transfer,Mendozatown,4.0,M,21,45.646,8,12,0,2024
32522,2024-11-17,638,50,Sports & Outdoors,Soccer Ball,4,422.48,Credit Card,Michaelchester,5.0,M,42,105.62,11,17,6,2024
37275,2024-07-22,765,10,Electronics,Smartphone,1,447.13,Cash on Delivery,East Robert,5.0,F,57,447.13,7,22,0,2024
92654,2024-06-10,693,50,Sports & Outdoors,Running Shoes,1,386.91,Credit Card,Wendyborough,5.0,F,31,386.91,6,10,0,2024
60796,2024-06-01,535,50,Sports & Outdoors,Tent,2,241.33,Credit Card,Joshuastad,3.0,M,73,120.665,6,1,5,2024
98151,2024-05-14,707,50,Sports & Outdoors,Yoga Mat,2,75.6,Cash on Delivery,West Robertmouth,4.0,M,45,37.8,5,14,1,2024
19327,2024-04-26,454,50,Sports & Outdoors,Soccer Ball,3,334.71,Cash on Delivery,Henryborough,5.0,F,26,111.57,4,26,4,2024
77848,2024-07-14,713,20,Fashion,Skirt,4,88.02,Cash on Delivery,Simmonsview,5.0,F,39,22.005,7,14,6,2024
99026,2024-08-18,665,20,Fashion,Skirt,5,470.2,Credit Card,West Antonio,1.0,F,34,94.03999999999999,8,18,6,2024
48813,2025-03-14,395,10,Electronics,Headphones,1,191.02,Credit Card,West James,5.0,F,75,191.02,3,14,4,2025
88937,2025-01-04,504,30,Home & Living,Vase,2,240.14,Bank Transfer,East Veronicaville,5.0,M,34,120.07,1,4,5,2025
29312,2024-08-12,481,30,Home & Living,Pillow,4,354.83,Cash on Delivery,South Antonioton,5.0,M,64,88.7075,8,12,0,2024
21298,2025-01-17,479,30,Home & Living,Carpet,4,276.73,Credit Card,Wayneside,3.0,M,55,69.1825,1,17,4,2025
82746,2024-11-18,101,50,Sports & Outdoors,Soccer Ball,3,263.16,Bank Transfer,Brandonbury,5.0,M,35,87.72000000000001,11,18,0,2024
45270,2024-04-26,685,40,Books & Stationery,Notebook,1,410.45,Bank Transfer,Raytown,4.0,F,71,410.45,4,26,4,2024
65819,2024-06-16,691,50,Sports & Outdoors,Soccer Ball,2,255.9,Credit Card,East Michaelborough,4.0,M,34,127.95,6,16,6,2024
42097,2024-05-08,317,10,Electronics,Laptop,3,213.16,Bank Transfer,West Daniel,5.0,F,63,71.05333333333333,5,8,2,2024
78056,2024-09-21,313,40,Books & Stationery,Pen,2,113.24,Credit Card,South Mark,5.0,M,43,56.62,9,21,5,2024
11363,2024-10-02,816,10,Electronics,Smartwatch,3,81.96,Credit Card,Pattersonfort,2.0,M,63,27.319999999999997,10,2,2,2024
72471,2024-08-22,557,30,Home & Living,Pillow,3,116.13,Cash on Delivery,Mayland,5.0,F,69,38.71,8,22,3,2024
65235,2024-07-29,554,40,Books & Stationery,Eraser,1,299.39,Credit Card,Joshuafort,3.0,M,19,299.39,7,29,0,2024
68904,2024-12-16,957,10,Electronics,Laptop,4,266.13,Cash on Delivery,Chenmouth,5.0,F,25,66.5325,12,16,0,2024
11101,2024-09-27,750,50,Sports & Outdoors,Soccer Ball,5,96.94,Cash on Delivery,South Katiefurt,4.0,F,22,19.387999999999998,9,27,4,2024
91161,2024-05-29,556,50,Sports & Outdoors,Tent,3,378.67,Credit Card,Port Christopher,4.0,M,25,126.22333333333334,5,29,2,2024
31593,2025-02-16,343,50,Sports & Outdoors,Tent,1,415.49,Cash on Delivery,Washingtonmouth,5.0,F,44,415.49,2,16,6,2025
19180,2024-08-17,427,30,Home & Living,Pillow,2,351.84,Bank Transfer,New Lauramouth,1.0,F,50,175.92,8,17,5,2024
21588,2024-03-25,112,40,Books & Stationery,Notebook,2,298.63,Cash on Delivery,South Veronica,5.0,F,33,149.315,3,25,0,2024
92632,2024-10-15,712,50,Sports & Outdoors,Soccer Ball,3,218.49,Bank Transfer,North Jason,4.0,M,26,72.83,10,15,1,2024
92429,2024-09-20,710,10,Electronics,Headphones,4,303.16,Cash on Delivery,Jonesville,4.0,M,50,75.79,9,20,4,2024
12167,2024-11-20,500,30,Home & Living,Vase,1,187.51,Credit Card,West Jeffreyview,4.0,F,46,187.51,11,20,2,2024
51408,2025-02-14,511,40,Books & Stationery,Story Book,2,212.48,Cash on Delivery,Kiddmouth,4.0,M,59,106.24,2,14,4,2025
98186,2024-08-25,606,50,Sports & Outdoors,Running Shoes,1,134.35,Bank Transfer,Lake Brianbury,4.0,F,47,134.35,8,25,6,2024
34709,2024-10-28,636,20,Fashion,T-shirt,2,115.08,Bank Transfer,West Nicholas,5.0,F,19,57.54,10,28,0,2024
69327,2024-08-28,183,50,Sports & Outdoors,Yoga Mat,3,105.43,Cash on Delivery,Port Joseton,4.0,F,72,35.14333333333334,8,28,2,2024
52134,2024-04-11,592,50,Sports & Outdoors,Basketball,1,340.27,Bank Transfer,West Rogerberg,1.0,M,65,340.27,4,11,3,2024
39427,2024-06-13,292,20,Fashion,T-shirt,3,498.44,Bank Transfer,Connerstad,3.0,M,60,166.14666666666668,6,13,3,2024
96190,2024-11-04,415,50,Sports & Outdoors,Yoga Mat,5,365.81,Cash on Delivery,Patriciaville,5.0,M,18,73.162,11,4,0,2024
55421,2025-03-16,315,30,Home & Living,Blanket,2,307.12,Credit Card,New Shawn,4.0,M,26,153.56,3,16,6,2025
96700,2024-03-27,598,30,Home & Living,Painting,4,474.04,Cash on Delivery,South Anthony,5.0,F,64,118.51,3,27,2,2024
15505,2024-10-25,465,50,Sports & Outdoors,Yoga Mat,2,350.15,Bank Transfer,Jamiefort,4.0,F,19,175.075,10,25,4,2024
46965,2025-02-21,329,30,Home & Living,Vase,3,343.98,Cash on Delivery,West Bradleymouth,5.0,F,47,114.66000000000001,2,21,4,2025
73481,2024-08-24,538,30,Home & Living,Pillow,4,197.51,Credit Card,Bateshaven,5.0,M,22,49.3775,8,24,5,2024
32978,2024-11-11,667,30,Home & Living,Vase,4,478.17,Cash on Delivery,South Elizabeth,4.0,F,25,119.5425,11,11,0,2024
60294,2024-04-19,486,30,Home & Living,Blanket,4,150.77,Bank Transfer,Thomastown,5.0,F,26,37.6925,4,19,4,2024
27462,2024-09-08,864,10,Electronics,Smartwatch,5,466.38,Bank Transfer,Johnfort,3.0,M,67,93.276,9,8,6,2024
93038,2025-01-06,847,40,Books & Stationery,Story Book,5,125.08,Credit Card,North Michelletown,5.0,M,36,25.016,1,6,0,2025
47335,2024-08-25,776,10,Electronics,Tablet,5,310.78,Cash on Delivery,East David,5.0,F,49,62.15599999999999,8,25,6,2024
90319,2024-06-25,797,30,Home & Living,Carpet,4,164.55,Cash on Delivery,South Jacquelineside,5.0,F,69,41.1375,6,25,1,2024
24175,2025-03-19,122,40,Books & Stationery,Pen,5,470.43,Credit Card,Frazierbury,4.0,M,25,94.086,3,19,2,2025
73858,2024-05-21,604,20,Fashion,Skirt,4,488.49,Cash on Delivery,South Robert,4.0,M,42,122.1225,5,21,1,2024
52435,2024-11-11,529,10,Electronics,Smartphone,5,340.31,Bank Transfer,West Kendrafort,4.0,M,18,68.062,11,11,0,2024
11455,2024-04-14,374,50,Sports & Outdoors,Yoga Mat,2,101.7,Bank Transfer,Wrightfort,1.0,F,48,50.85,4,14,6,2024
93036,2025-01-28,964,50,Sports & Outdoors,Yoga Mat,4,189.3,Bank Transfer,Smithburgh,4.0,M,30,47.325,1,28,1,2025
76569,2025-01-12,447,30,Home & Living,Painting,1,428.62,Bank Transfer,New Christopherside,4.0,F,56,428.62,1,12,6,2025
13356,2024-12-27,232,50,Sports & Outdoors,Basketball,5,408.95,Cash on Delivery,East Joseph,2.0,M,38,81.78999999999999,12,27,4,2024
13042,2024-05-15,464,20,Fashion,Skirt,5,254.8,Cash on Delivery,Martinside,4.0,F,54,50.96,5,15,2,2024
79954,2024-07-25,295,20,Fashion,T-shirt,5,115.58,Bank Transfer,West Carlosberg,4.0,F,31,23.116,7,25,3,2024
96551,2024-10-21,526,30,Home & Living,Painting,2,19.72,Credit Card,Elliottmouth,3.0,F,25,9.86,10,21,0,2024
85518,2025-03-11,519,50,Sports & Outdoors,Basketball,1,292.66,Cash on Delivery,East Martin,5.0,M,75,292.66,3,11,1,2025
82689,2024-09-23,254,30,Home & Living,Painting,1,169.29,Cash on Delivery,South Christine,4.0,F,23,169.29,9,23,0,2024
87052,2024-06-13,815,10,Electronics,Tablet,3,310.7,Bank Transfer,Webbburgh,5.0,M,67,103.56666666666666,6,13,3,2024
35514,2024-08-12,791,20,Fashion,Dress,4,216.69,Cash on Delivery,Port Matthewfort,4.0,F,35,54.1725,8,12,0,2024
78620,2024-07-11,909,10,Electronics,Smartphone,1,89.38,Credit Card,Tiffanyport,3.0,F,47,89.38,7,11,3,2024
96418,2024-09-18,939,30,Home & Living,Carpet,2,325.88,Bank Transfer,New David,5.0,F,64,162.94,9,18,2,2024
80018,2024-11-06,257,30,Home & Living,Carpet,4,265.26,Bank Transfer,Susanchester,4.0,M,65,66.315,11,6,2,2024
25370,2024-09-09,576,10,Electronics,Laptop,1,366.61,Cash on Delivery,Port Markport,2.0,F,57,366.61,9,9,0,2024
97390,2024-07-24,512,10,Electronics,Headphones,3,312.87,Credit Card,Davidborough,5.0,F,71,104.29,7,24,2,2024
22729,2024-03-31,649,30,Home & Living,Blanket,2,131.22,Bank Transfer,West Reginaldbury,4.0,M,32,65.61,3,31,6,2024
93277,2024-06-20,428,40,Books & Stationery,Pen,1,487.74,Cash on Delivery,Lake Jillton,5.0,F,70,487.74,6,20,3,2024
31245,2024-07-25,209,20,Fashion,Shirt,1,96.75,Cash on Delivery,New Raymond,4.0,F,39,96.75,7,25,3,2024
42780,2024-11-26,482,40,Books & Stationery,Eraser,4,121.29,Credit Card,Port Craigfort,4.0,M,32,30.3225,11,26,1,2024
43949,2025-01-28,346,30,Home & Living,Blanket,3,158.75,Credit Card,Graystad,4.0,F,27,52.916666666666664,1,28,1,2025
97111,2024-09-07,897,40,Books & Stationery,Notebook,4,14.47,Bank Transfer,East Brittany,5.0,F,33,3.6175,9,7,5,2024
88321,2024-09-22,738,10,Electronics,Smartwatch,5,193.09,Bank Transfer,West Jerry,5.0,M,48,38.618,9,22,6,2024
95344,2024-10-12,551,20,Fashion,Pants,3,360.32,Cash on Delivery,Wrightmouth,3.0,M,61,120.10666666666667,10,12,5,2024
88797,2024-10-26,244,30,Home & Living,Pillow,3,216.9,Credit Card,Robertmouth,4.0,F,43,72.3,10,26,5,2024
88975,2024-11-14,577,50,Sports & Outdoors,Yoga Mat,3,149.49,Cash on Delivery,New Norma,4.0,M,59,49.830000000000005,11,14,3,2024
74178,2024-12-13,179,10,Electronics,Smartwatch,1,20.84,Credit Card,Jonathanstad,2.0,M,52,20.84,12,13,4,2024
61595,2024-11-01,586,40,Books & Stationery,Notebook,2,395.01,Bank Transfer,West Masonton,5.0,F,32,197.505,11,1,4,2024
54710,2024-04-11,343,10,Electronics,Smartwatch,5,240.37,Credit Card,Huntberg,5.0,M,27,48.074,4,11,3,2024
45307,2025-01-14,162,40,Books & Stationery,Novel,1,69.76,Cash on Delivery,West Anne,1.0,F,68,69.76,1,14,1,2025
85771,2024-12-18,299,10,Electronics,Smartwatch,2,336.34,Credit Card,Brownport,4.0,F,56,168.17,12,18,2,2024
39305,2024-07-25,846,50,Sports & Outdoors,Soccer Ball,4,134.12,Cash on Delivery,Cindyberg,2.0,M,32,33.53,7,25,3,2024
42739,2024-09-29,149,10,Electronics,Laptop,5,486.9,Credit Card,Jenniferville,5.0,M,43,97.38,9,29,6,2024
19510,2024-10-21,648,20,Fashion,Dress,4,296.5,Bank Transfer,Jaychester,5.0,M,25,74.125,10,21,0,2024
79723,2024-07-16,568,10,Electronics,Smartwatch,1,393.9,Bank Transfer,Popeview,5.0,M,44,393.9,7,16,1,2024
58363,2024-09-02,536,10,Electronics,Laptop,5,87.27,Credit Card,New Louis,5.0,M,63,17.454,9,2,0,2024
54476,2025-01-14,678,10,Electronics,Smartphone,2,184.2,Credit Card,Tiffanyshire,5.0,F,21,92.1,1,14,1,2025
81507,2025-01-13,611,20,Fashion,Skirt,1,124.01,Cash on Delivery,New Josephland,5.0,F,58,124.01,1,13,0,2025
14376,2025-02-15,840,40,Books & Stationery,Story Book,5,20.46,Bank Transfer,Ericside,3.0,M,34,4.0920000000000005,2,15,5,2025
98227,2024-05-25,960,10,Electronics,Tablet,4,356.25,Cash on Delivery,North Stevenborough,2.0,F,75,89.0625,5,25,5,2024
32637,2024-07-15,175,20,Fashion,Shirt,3,101.45,Bank Transfer,West Richard,3.0,F,33,33.81666666666667,7,15,0,2024
64016,2024-10-29,970,30,Home & Living,Carpet,1,189.89,Credit Card,Rodgershaven,5.0,F,61,189.89,10,29,1,2024
38808,2024-04-21,928,20,Fashion,T-shirt,2,313.67,Bank Transfer,South Coltonport,5.0,M,73,156.835,4,21,6,2024
48725,2024-06-02,471,10,Electronics,Smartwatch,2,411.33,Credit Card,West Amanda,4.0,F,64,205.665,6,2,6,2024
79047,2024-09-16,517,50,Sports & Outdoors,Basketball,3,310.39,Bank Transfer,Rhodesfurt,4.0,M,62,103.46333333333332,9,16,0,2024
84001,2024-09-17,970,10,Electronics,Smartwatch,5,332.86,Credit Card,East Robynmouth,5.0,M,67,66.572,9,17,1,2024
72324,2024-04-19,735,40,Books & Stationery,Pen,1,267.65,Cash on Delivery,Crosbyfort,4.0,M,64,267.65,4,19,4,2024
93644,2025-01-31,734,20,Fashion,Shirt,2,361.74,Credit Card,West Denisemouth,5.0,M,33,180.87,1,31,4,2025
79189,2024-08-30,639,40,Books & Stationery,Notebook,1,399.18,Credit Card,Davidton,5.0,M,66,399.18,8,30,4,2024
46834,2024-06-24,506,10,Electronics,Smartphone,5,365.33,Cash on Delivery,Charlesview,3.0,M,24,73.066,6,24,0,2024
91867,2024-05-20,893,20,Fashion,Shirt,1,316.41,Credit Card,North Stevenshire,4.0,F,45,316.41,5,20,0,2024
15872,2025-03-14,733,10,Electronics,Smartwatch,2,185.4,Bank Transfer,Reidchester,5.0,M,39,92.7,3,14,4,2025
41333,2024-05-04,459,10,Electronics,Laptop,3,398.31,Cash on Delivery,Reidville,4.0,M,43,132.77,5,4,5,2024
73282,2024-07-23,883,50,Sports & Outdoors,Yoga Mat,1,423.98,Bank Transfer,Lake Alexandriachester,5.0,M,24,423.98,7,23,1,2024
37729,2024-12-31,180,30,Home & Living,Carpet,2,127.95,Cash on Delivery,East Erikton,1.0,F,48,63.975,12,31,1,2024
48803,2024-09-27,285,30,Home & Living,Painting,1,481.21,Bank Transfer,New Kristen,5.0,M,31,481.21,9,27,4,2024
40540,2024-10-25,509,10,Electronics,Headphones,3,492.35,Credit Card,North Jimmyborough,5.0,M,72,164.11666666666667,10,25,4,2024
17074,2024-06-02,224,30,Home & Living,Carpet,1,260.52,Cash on Delivery,Benjaminburgh,5.0,M,37,260.52,6,2,6,2024
62821,2025-01-15,146,10,Electronics,Tablet,5,184.27,Credit Card,Larsonburgh,2.0,F,36,36.854,1,15,2,2025
99850,2025-02-27,453,40,Books & Stationery,Novel,3,392.26,Bank Transfer,Bakerside,3.0,F,50,130.75333333333333,2,27,3,2025
91017,2025-01-29,408,40,Books & Stationery,Novel,2,436.2,Credit Card,Millermouth,5.0,F,26,218.1,1,29,2,2025
28844,2024-04-30,580,40,Books & Stationery,Pen,2,378.89,Cash on Delivery,Jasonfort,4.0,M,51,189.445,4,30,1,2024
95795,2024-06-28,955,10,Electronics,Smartwatch,4,205.6,Credit Card,South Omarport,3.0,M,22,51.4,6,28,4,2024
27117,2024-11-27,312,20,Fashion,Pants,4,245.65,Credit Card,West Jonathanmouth,4.0,F,66,61.4125,11,27,2,2024
39659,2025-02-26,881,20,Fashion,Shirt,2,311.84,Cash on Delivery,New Kurtmouth,4.0,M,75,155.92,2,26,2,2025
19863,2024-05-14,315,40,Books & Stationery,Notebook,2,180.67,Bank Transfer,South Thomasmouth,3.0,F,24,90.335,5,14,1,2024
98418,2024-05-28,471,30,Home & Living,Blanket,2,493.95,Cash on Delivery,East Hannahhaven,5.0,F,63,246.975,5,28,1,2024
78752,2024-04-07,158,30,Home & Living,Pillow,5,178.2,Credit Card,Lake Tinahaven,3.0,F,49,35.64,4,7,6,2024
14520,2024-12-22,222,30,Home & Living,Blanket,3,372.61,Credit Card,Brookshaven,1.0,F,69,124.20333333333333,12,22,6,2024
51391,2025-02-15,418,30,Home & Living,Carpet,5,246.68,Cash on Delivery,Port Derek,5.0,F,31,49.336,2,15,5,2025
95940,2024-06-24,672,10,Electronics,Tablet,3,295.67,Cash on Delivery,Coxfurt,4.0,M,29,98.55666666666667,6,24,0,2024
19238,2025-01-11,517,10,Electronics,Headphones,2,108.34,Cash on Delivery,Donaldside,5.0,M,70,54.17,1,11,5,2025
45508,2024-10-15,300,50,Sports & Outdoors,Soccer Ball,3,452.9,Bank Transfer,Tonyamouth,5.0,F,53,150.96666666666667,10,15,1,2024
49017,2024-05-07,128,20,Fashion,Pants,1,255.32,Bank Transfer,Shawnburgh,4.0,F,70,255.32,5,7,1,2024
52278,2024-07-25,749,10,Electronics,Laptop,3,461.91,Bank Transfer,East Sarah,3.0,M,21,153.97,7,25,3,2024
14109,2024-07-17,149,20,Fashion,T-shirt,5,179.92,Bank Transfer,Romerostad,3.0,M,48,35.983999999999995,7,17,2,2024
98997,2024-10-22,703,50,Sports & Outdoors,Yoga Mat,3,407.83,Cash on Delivery,Port Joseph,2.0,M,59,135.94333333333333,10,22,1,2024
11645,2024-12-23,642,20,Fashion,T-shirt,5,367.65,Cash on Delivery,Kelseyton,5.0,F,65,73.53,12,23,0,2024
65284,2025-01-14,290,20,Fashion,Skirt,3,127.78,Credit Card,Smithstad,4.0,M,75,42.593333333333334,1,14,1,2025
45059,2025-01-15,856,50,Sports & Outdoors,Yoga Mat,1,230.09,Credit Card,Lake Lorichester,1.0,M,49,230.09,1,15,2,2025
60063,2024-12-19,173,50,Sports & Outdoors,Basketball,1,432.67,Bank Transfer,Jacobsside,5.0,F,68,432.67,12,19,3,2024
27736,2024-11-08,106,20,Fashion,Skirt,1,497.89,Credit Card,South Jonathan,5.0,F,58,497.89,11,8,4,2024
26583,2024-04-10,217,20,Fashion,Dress,4,43.23,Cash on Delivery,Lake Nicholas,5.0,M,60,10.8075,4,10,2,2024
27730,2025-03-19,385,30,Home & Living,Blanket,1,366.27,Bank Transfer,Tiffanystad,5.0,M,44,366.27,3,19,2,2025
72159,2024-05-12,329,40,Books & Stationery,Notebook,3,227.07,Cash on Delivery,Snyderborough,5.0,M,64,75.69,5,12,6,2024
72238,2024-03-28,435,20,Fashion,T-shirt,2,74.46,Credit Card,Kevinland,5.0,F,74,37.23,3,28,3,2024
38114,2024-05-09,817,30,Home & Living,Carpet,2,287.85,Credit Card,South Brianna,4.0,M,20,143.925,5,9,3,2024
93547,2024-06-29,663,40,Books & Stationery,Notebook,3,100.15,Bank Transfer,South Christopherburgh,4.0,M,65,33.38333333333333,6,29,5,2024
76505,2024-12-11,295,40,Books & Stationery,Eraser,5,250.07,Bank Transfer,Armstrongberg,5.0,F,19,50.013999999999996,12,11,2,2024
41014,2024-07-11,569,40,Books & Stationery,Pen,1,390.35,Cash on Delivery,West Deanna,5.0,M,34,390.35,7,11,3,2024
94899,2024-03-19,853,30,Home & Living,Vase,5,309.64,Cash on Delivery,East Maryland,4.0,F,47,61.928,3,19,1,2024
21391,2025-01-11,143,10,Electronics,Smartwatch,1,63.56,Bank Transfer,Port Dana,5.0,M,28,63.56,1,11,5,2025
35246,2024-10-11,209,10,Electronics,Laptop,3,152.68,Bank Transfer,West Lisa,5.0,F,46,50.89333333333334,10,11,4,2024
65789,2024-08-12,368,30,Home & Living,Vase,3,91.58,Bank Transfer,Pughton,5.0,M,69,30.526666666666667,8,12,0,2024
68218,2024-06-11,680,50,Sports & Outdoors,Basketball,4,237.15,Cash on Delivery,Markton,4.0,F,39,59.2875,6,11,1,2024
87200,2025-02-11,937,10,Electronics,Laptop,1,391.58,Cash on Delivery,Jefferyborough,4.0,M,68,391.58,2,11,1,2025
87478,2024-04-19,788,30,Home & Living,Vase,1,22.21,Bank Transfer,Williamton,4.0,F,50,22.21,4,19,4,2024
73507,2024-12-25,133,20,Fashion,T-shirt,4,54.68,Cash on Delivery,Beckerview,4.0,M,74,13.67,12,25,2,2024
33203,2024-05-31,236,50,Sports & Outdoors,Running Shoes,5,366.17,Cash on Delivery,Pettymouth,5.0,M,62,73.23400000000001,5,31,4,2024
10792,2024-04-21,898,50,Sports & Outdoors,Running Shoes,2,31.51,Credit Card,East Lisaview,5.0,F,49,15.755,4,21,6,2024
69895,2024-04-27,848,20,Fashion,Pants,3,435.72,Credit Card,South Carolynchester,5.0,M,50,145.24,4,27,5,2024
19845,2024-10-26,798,30,Home & Living,Painting,2,367.78,Bank Transfer,New Michaeltown,2.0,M,45,183.89,10,26,5,2024
90219,2024-07-15,430,40,Books & Stationery,Eraser,1,405.65,Cash on Delivery,West April,5.0,M,58,405.65,7,15,0,2024
47814,2024-07-17,557,20,Fashion,Shirt,1,146.28,Cash on Delivery,East Johnton,4.0,F,39,146.28,7,17,2,2024
55438,2024-06-09,716,10,Electronics,Laptop,3,82.65,Cash on Delivery,Port Jenniferchester,3.0,M,51,27.55,6,9,6,2024
84328,2025-02-06,122,10,Electronics,Smartwatch,1,420.63,Bank Transfer,Lake Kelly,3.0,M,54,420.63,2,6,3,2025
35155,2024-11-19,956,10,Electronics,Tablet,2,496.93,Credit Card,Blackchester,5.0,F,20,248.465,11,19,1,2024
72701,2024-03-22,828,50,Sports & Outdoors,Tent,5,395.78,Credit Card,Webbfort,5.0,F,56,79.15599999999999,3,22,4,2024
43869,2024-06-27,306,30,Home & Living,Pillow,2,55.63,Bank Transfer,Traciburgh,3.0,F,69,27.815,6,27,3,2024
57419,2024-12-15,222,10,Electronics,Tablet,2,423.22,Credit Card,Alvaradobury,2.0,M,29,211.61,12,15,6,2024
24147,2024-08-23,568,30,Home & Living,Painting,1,268.26,Cash on Delivery,Davistown,1.0,M,29,268.26,8,23,4,2024
21838,2024-06-25,582,10,Electronics,Smartphone,2,289.97,Cash on Delivery,Popeport,4.0,M,70,144.985,6,25,1,2024
37330,2024-03-27,881,50,Sports & Outdoors,Yoga Mat,5,219.26,Bank Transfer,West Molly,2.0,F,49,43.852,3,27,2,2024
69487,2024-08-31,729,50,Sports & Outdoors,Yoga Mat,4,464.28,Cash on Delivery,Port Michaelville,4.0,F,62,116.07,8,31,5,2024
64496,2024-06-18,146,40,Books & Stationery,Pen,1,405.91,Cash on Delivery,Bradleyview,1.0,M,61,405.91,6,18,1,2024
11021,2024-08-12,114,20,Fashion,T-shirt,5,67.92,Bank Transfer,North James,5.0,M,47,13.584,8,12,0,2024
95274,2024-05-15,126,20,Fashion,T-shirt,5,323.9,Cash on Delivery,Cassandramouth,2.0,F,45,64.78,5,15,2,2024
11871,2024-09-23,479,30,Home & Living,Painting,3,258.28,Bank Transfer,East Kevinchester,5.0,M,65,86.09333333333332,9,23,0,2024
89789,2024-04-19,953,30,Home & Living,Painting,4,204.06,Cash on Delivery,Huffmanshire,5.0,M,71,51.015,4,19,4,2024
92942,2025-01-17,489,20,Fashion,Pants,3,171.95,Bank Transfer,Ashleyside,5.0,F,29,57.31666666666666,1,17,4,2025
94070,2024-11-26,822,50,Sports & Outdoors,Yoga Mat,2,236.61,Bank Transfer,West Tyler,5.0,M,67,118.305,11,26,1,2024
97102,2024-03-28,663,50,Sports & Outdoors,Yoga Mat,4,286.82,Cash on Delivery,Port Justinbury,3.0,F,55,71.705,3,28,3,2024
54318,2024-06-29,142,10,Electronics,Headphones,2,491.97,Cash on Delivery,East Blakeborough,4.0,M,18,245.985,6,29,5,2024
99887,2024-09-24,237,50,Sports & Outdoors,Running Shoes,1,101.82,Credit Card,North Wendyberg,5.0,F,50,101.82,9,24,1,2024
97829,2024-10-09,640,30,Home & Living,Pillow,5,143.03,Credit Card,Lake Alison,4.0,M,38,28.606,10,9,2,2024
76076,2024-12-20,184,10,Electronics,Laptop,4,457.54,Bank Transfer,Suttonfort,4.0,F,29,114.385,12,20,4,2024
74233,2024-10-13,750,50,Sports & Outdoors,Basketball,2,103.2,Bank Transfer,New Miranda,5.0,F,60,51.6,10,13,6,2024
99414,2024-08-17,186,20,Fashion,Pants,4,365.04,Bank Transfer,Jaclynview,3.0,F,55,91.26,8,17,5,2024
49993,2024-03-23,880,10,Electronics,Smartphone,1,162.38,Credit Card,Scottville,5.0,F,73,162.38,3,23,5,2024
80803,2024-03-24,882,30,Home & Living,Pillow,1,293.0,Bank Transfer,South William,5.0,M,26,293.0,3,24,6,2024
56431,2024-07-03,600,20,Fashion,Pants,3,150.42,Cash on Delivery,Andreatown,3.0,M,42,50.13999999999999,7,3,2,2024
32363,2024-04-19,157,50,Sports & Outdoors,Tent,1,60.16,Cash on Delivery,Greenborough,3.0,M,61,60.16,4,19,4,2024
61650,2024-12-19,804,10,Electronics,Smartphone,2,197.96,Credit Card,Bradleyville,4.0,M,29,98.98,12,19,3,2024
51729,2025-01-24,713,50,Sports & Outdoors,Tent,3,318.44,Cash on Delivery,Port Darrylstad,5.0,F,23,106.14666666666666,1,24,4,2025
53843,2024-11-12,256,30,Home & Living,Painting,5,410.55,Cash on Delivery,New Kimberly,5.0,F,38,82.11,11,12,1,2024
89875,2025-01-06,759,40,Books & Stationery,Novel,1,233.24,Cash on Delivery,East Jennifershire,5.0,F,30,233.24,1,6,0,2025
44902,2024-07-12,801,40,Books & Stationery,Story Book,4,474.25,Credit Card,West Reginald,5.0,F,34,118.5625,7,12,4,2024
55905,2025-03-02,550,30,Home & Living,Vase,1,99.84,Cash on Delivery,Port Darren,3.0,F,73,99.84,3,2,6,2025
94304,2025-01-26,701,30,Home & Living,Vase,5,248.88,Credit Card,Lewisfort,4.0,M,56,49.775999999999996,1,26,6,2025
55131,2024-11-08,866,40,Books & Stationery,Story Book,2,148.31,Bank Transfer,South Douglasland,5.0,M,67,74.155,11,8,4,2024
63100,2024-12-18,974,10,Electronics,Tablet,5,410.6,Credit Card,South Lisaland,3.0,F,58,82.12,12,18,2,2024
27148,2025-01-07,635,30,Home & Living,Carpet,1,235.88,Cash on Delivery,Kurtfurt,4.0,F,40,235.88,1,7,1,2025
88309,2024-06-11,524,50,Sports & Outdoors,Running Shoes,1,394.31,Bank Transfer,Robertmouth,4.0,M,41,394.31,6,11,1,2024
33859,2025-01-26,712,20,Fashion,Pants,4,334.68,Credit Card,Laurietown,5.0,F,25,83.67,1,26,6,2025
75395,2025-03-19,175,40,Books & Stationery,Novel,2,300.16,Bank Transfer,Jesseburgh,3.0,M,64,150.08,3,19,2,2025
43591,2024-06-12,302,50,Sports & Outdoors,Running Shoes,4,170.43,Cash on Delivery,Frankbury,5.0,M,37,42.6075,6,12,2,2024
11479,2025-01-28,331,20,Fashion,Shirt,2,452.6,Cash on Delivery,Jamesview,5.0,F,48,226.3,1,28,1,2025
94141,2024-09-01,701,20,Fashion,Skirt,4,270.32,Bank Transfer,North Jeannemouth,5.0,M,48,67.58,9,1,6,2024
99828,2024-09-12,510,40,Books & Stationery,Story Book,5,427.73,Credit Card,Douglastown,3.0,F,72,85.546,9,12,3,2024
61427,2024-09-17,410,10,Electronics,Laptop,4,221.54,Cash on Delivery,New Sean,3.0,M,71,55.385,9,17,1,2024
20658,2024-11-06,177,40,Books & Stationery,Pen,3,196.97,Cash on Delivery,North Kelsey,1.0,M,34,65.65666666666667,11,6,2,2024
